Price,Type,Living_space,Bedrooms,Bathrooms,Year_built,Year_renovated
12000,Farmhouse,67,1,1,1800,1967
17000,Farmhouse,68,2,1,1900,2005
29000,Farmhouse,90,2,1,1920,2015
29500,Mid-terrace house,117,4,1,1910,1996
29500,Mid-terrace house,60,1,1,1900,1997
29500,Mid-terrace house,72,2,1,1960,2018
29500,Single dwelling,72,2,1,1960,2018
29990,Mid-terrace house,120,3,1,1940,2017
30000,Mid-terrace house,104,1,1,1870,2000
30000,Farmhouse,80,1,1,1900,2010
30300,Mid-terrace house,128.3,3,1,1850,1999
30310,Farmhouse,150,6,1,1950,2004
32000,Mid-terrace house,55,1,1,1900,1995
33000,Farmhouse,70,3,1,1900,1990
33000,Farmhouse,70,3,1,1900,1990
35000,Mid-terrace house,133,3,1,1900,1970
35000,Mid-terrace house,133,3,1,1900,1970
35000,Corner house,71,1,1,1850,1994
36000,Mid-terrace house,42,2,1,2019,2019
38000,Mid-terrace house,115,3,1,1850,1992
38000,Farmhouse,110,2,1,1900,1995
38500,Multiple dwelling,87,2,1,1926,2014
39000,Mid-terrace house,150,7,2,1906,2018
39984,Mid-terrace house,117,3,1,1850,1996
40000,Single dwelling,115,1,1,1920,2000
40000,Mid-terrace house,90,3,1,1918,2002
42000,Mid-terrace house,90,3,1,1974,2004
43000,Mid-terrace house,115,2,1,1800,2008
44000,Farmhouse,97,2,1,1936,1995
44000,Duplex,244,7,3,1890,2016
45000,Special property,80.96,3,1,1980,1994
45000,Mid-terrace house,105,2,1,1900,1996
45000,Mid-terrace house,65,1,1,1923,2007
48000,Mid-terrace house,72,1,1,1900,1994
49000,Single dwelling,70,3,1,1840,2015
49500,Duplex,270,6,3,1901,2016
49500,Mid-terrace house,160,2,1,1940,2019
49900,Special property,40,1,1,1977,2003
50000,Mid-terrace house,85,1,1,1900,2012
50000,Mid-terrace house,105,2,1,1930,2018
50000,Single dwelling,85,1,1,1920,2018
52000,Single dwelling,102,3,1,1928,1976
54000,Mid-terrace house,97,1,1,1920,1995
54450,Mid-terrace house,115,3,1,1800,2008
55000,Single dwelling,90,3,2,1938,1990
55000,Multiple dwelling,100,2,1,1820,1995
55000,Mid-terrace house,115,1,1,1900,1996
55000,Single dwelling,140,3,2,1925,2008
55000,Mid-terrace house,170,4,2,1930,2012
55000,Mid-terrace house,170,4,2,1930,2012
55000,Duplex,170,4,2,1930,2012
55000,Farmhouse,90,1,1,1900,2016
56000,Mid-terrace house,74,1,1,1886,2000
56000,Mid-terrace house,96,1,1,1895,2003
56500,Mid-terrace house,100,2,2,1880,1997
57000,Mid-terrace house,75,1,1,1951,2019
59000,Mid-terrace house,145,3,2,1950,1985
59000,Mid-terrace house,120,2,1,1988,1988
59000,Mid-terrace house,97,2,1,1915,1993
59000,Farmhouse,120,3,1,1900,1995
59000,Multiple dwelling,150,3,1,1900,1995
59000,Mid-terrace house,110,1,1,1721,1999
59000,Mid-terrace house,112,2,1,1900,2001
59000,Farmhouse,115,3,1,1933,2011
59000,Duplex,303,7,3,1701,2017
60000,Multiple dwelling,118,3,1,1850,1994
60000,Farmhouse,116,2,2,1900,1999
60000,Farmhouse,80,2,1,1920,2000
60000,Duplex,380,6,7,1950,2012
60000,Mid-terrace house,110,2,1,1930,2017
60000,Mid-terrace house,120,3,1,1857,2017
62000,Mid-terrace house,99.5,1,1,1890,2000
63000,Mid-terrace house,121,2,2,1930,1995
65000,Corner house,261,6,2,1850,1995
65000,Mid-terrace house,105,3,1,1900,1996
65000,Multiple dwelling,136,1,1,1930,1998
65000,Farmhouse,88.9,1,1,1905,2000
65000,Mid-terrace house,90,4,1,1928,2005
65000,Single dwelling,115,4,1,1960,2010
65000,Single dwelling,60,2,1,1920,2012
65000,Mid-terrace house,180,5,3,1853,2015
65500,Corner house,212,6,2,1908,2008
67000,Mid-terrace house,120,2,2,1904,1980
68000,Multiple dwelling,100,3,2,1900,2005
68000,Mid-terrace house,55,1,1,1876,2016
69000,Single dwelling,86,2,1,1950,1971
69000,Farmhouse,140,4,1,1914,1983
69000,Duplex,158,5,2,1730,1994
69000,Mid-terrace house,170,4,1,1848,1995
69000,Multiple dwelling,90,2,1,1910,2008
69000,Mid-terrace house,125,3,2,1920,2015
69000,Special property,70,3,1,1968,2017
69000,Mid-terrace house,180,5,1,1953,2017
69000,Corner house,100,2,1,1900,2017
69000,Farmhouse,110,2,2,1920,2018
69000,Single dwelling,74,3,1,1960,2019
69900,Mid-terrace house,180,4,2,1900,1969
69900,Duplex,477,8,6,1903,1971
69999,Duplex,200,8,4,1920,2000
70000,Corner house,174,2,1,1829,1994
70000,Mid-terrace house,92,2,2,1920,2002
72000,Mid-terrace house,96,1,1,1995,1997
72600,Single dwelling,75,1,1,1936,2011
73000,Single dwelling,106,3,2,1898,2018
73500,Mid-terrace house,180,5,3,1903,2017
74000,Multiple dwelling,105,1,1,1936,1993
74000,Multiple dwelling,200,4,2,1898,2000
74000,Mid-terrace house,76,3,1,1940,2006
75000,Corner house,100,2,2,1869,1950
75000,Mid-terrace house,103,3,1,1900,1988
75000,Duplex,131,3,2,1929,1996
77000,Mid-terrace house,100,3,1,1924,2010
77000,Special property,70,2,1,1975,2019
78000,Mid-terrace house,100,3,1,1920,2016
78000,Farmhouse,110,3,1,1940,2017
79000,Mid-terrace house,120,3,1,1900,1980
79000,Mid-terrace house,143,5,1,1903,1980
79000,Farmhouse,131,2,2,1900,1999
79000,Mid-terrace house,114.68,1,2,1960,2000
79000,Mid-terrace house,100,2,2,1930,2004
79000,Mid-terrace house,124.63,2,2,1900,2007
79000,Multiple dwelling,97,3,1,1920,2010
79000,Farmhouse,100,2,1,1959,2013
79000,Single dwelling,95,2,1,1955,2014
79000,Mid-terrace house,97,3,1,1930,2015
79000,Mid-terrace house,41,1,1,1995,2018
79000,Mid-terrace house,153,4,2,1927,2018
79999,Mid-terrace house,120,2,2,1956,2002
79999,Single dwelling,100,4,2,1935,2020
80000,Single dwelling,75,3,1,1920,1980
80000,Single dwelling,94,3,1,1960,1996
80000,Mid-terrace house,95,3,1,1958,2010
80000,Mid-terrace house,95,3,1,1958,2010
80000,Corner house,130,3,2,1900,2017
80000,Mid-terrace house,95,3,2,1900,2018
84000,Mid-terrace house,150,5,2,1890,1970
84000,Special property,120,2,1,1939,2003
85000,Farmhouse,147.19,4,1,1957,1983
85000,Single dwelling,108,2,2,1934,1998
85000,Corner house,250,3,3,1833,2000
85000,Mid-terrace house,115,2,1,1933,2003
85000,Duplex,170,4,2,1900,2010
85000,Single dwelling,100,3,1,1935,2013
85000,Duplex,160,4,2,1974,2015
85000,Multiple dwelling,110,3,1,1925,2020
86000,Mid-terrace house,102.35,4,1,1905,1995
86000,Special property,68,2,1,1979,2000
87000,Single dwelling,45,1,1,1920,1999
87000,Residential property,144,4,1,1920,2000
87000,Mid-terrace house,120,2,1,1900,2005
87500,Mid-terrace house,240,8,3,1962,1995
88000,Corner house,155,5,1,1900,2002
89000,Corner house,151,4,1,1900,1981
89000,Mid-terrace house,74,2,1,1965,1993
89000,Mid-terrace house,160,3,3,1969,1997
89000,Mid-terrace house,158,5,2,1946,1998
89000,Farmhouse,170,5,1,1902,1998
89000,Mid-terrace house,138,2,1,1975,2001
89000,Mid-terrace house,168,6,1,1890,2002
89000,Mid-terrace house,105,2,1,1928,2003
89000,Single dwelling,100,3,1,1930,2003
89000,Multiple dwelling,125,3,2,1900,2012
89000,Mid-terrace house,100,3,1,1900,2015
89000,Mid-terrace house,110,2,1,1912,2016
89500,Mid-terrace house,90,2,2,1930,2005
89500,Duplex,47.01,1,1,1950,2006
90000,Corner house,120,4,1,1927,1999
90000,Multiple dwelling,126,1,1,1900,2000
90000,Mid-terrace house,110,3,1,1886,2000
90000,Single dwelling,56,1,1,1964,2013
91000,Mid-terrace house,120,2,2,1894,1995
92000,Single dwelling,90,1,1,1937,2014
92000,Single dwelling,80,2,1,1850,2019
92300,Farmhouse,84,2,1,1898,2000
93000,Mid-terrace house,70,3,1,1957,2005
94999,Mid-terrace house,190,6,1,1850,2011
95000,Duplex,100,2,1,1900,1997
95000,Mid-terrace house,153,6,2,1936,2000
95000,Mid-terrace house,130,4,2,1972,2009
95000,Single dwelling,190,4,3,1900,2015
95000,Mid-terrace house,138,4,2,1900,2017
95000,Farmhouse,170,5,3,1900,2018
96000,Mid-terrace house,130,4,2,1800,2015
96000,Mid-terrace house,90.96,2,1,1951,2019
97000,Farmhouse,95,2,1,1920,2018
97500,Duplex,200,6,3,1900,2001
98000,Mid-terrace house,144,4,2,1960,1975
98000,Duplex,210,4,3,1900,1999
98000,Mid-terrace house,90,3,1,1960,2000
98000,Multiple dwelling,108.2,2,1,1888,2000
98000,Mid-terrace house,97,1,1,1989,2010
98000,Multiple dwelling,115,2,1,1930,2016
98000,Duplex,300,4,2,1940,2018
98000,Mid-terrace house,52,2,1,1992,2018
99000,Mid-terrace house,123.87,3,3,1900,1979
99000,Single dwelling,95,2,1,1955,2005
99000,Mid-terrace house,200,4,1,1927,2010
99000,Multiple dwelling,110,3,1,1913,2015
99000,Mid-terrace house,180,4,2,1890,2015
99000,Duplex,300,4,4,1833,2016
99000,Mid-terrace house,76,1,1,1950,2016
99000,Duplex,340,4,4,1599,2019
99990,Duplex,220,4,2,1890,2011
100000,Single dwelling,100,2,2,1929,2018
104000,Mid-terrace house,118,4,1,1950,2014
104500,Mid-terrace house,120,3,1,1990,2018
104900,Mid-terrace house,95,3,2,1956,1999
107000,Mid-terrace house,157,4,3,1920,2015
109000,Duplex,140,3,2,1950,2005
109000,Mid-terrace house,109,3,1,1700,2006
109000,Mid-terrace house,72,2,1,1900,2013
109000,Mid-terrace house,100,3,1,2013,2013
109500,Multiple dwelling,144,3,3,1877,2019
109900,Duplex,250,6,5,1910,2017
110000,Duplex,170,3,2,1932,2000
110000,Single dwelling,94,3,1,1923,2005
110000,Farmhouse,90,2,1,1916,2008
110000,Farmhouse,100,2,1,1900,2011
110000,Special property,55,2,1,1979,2015
110000,Mid-terrace house,90,3,1,1960,2017
110000,Single dwelling,106,2,1,1937,2017
112000,Mid-terrace house,130,4,1,1913,2016
113900,Single dwelling,108,3,2,1964,1991
114900,Mid-terrace house,200,3,2,1908,2016
115000,Mid-terrace house,143.63,4,1,1915,1995
115000,Duplex,170,4,4,1892,2000
115000,Mid-terrace house,120,3,1,1932,2010
115000,Mid-terrace house,140,3,2,1986,2010
115000,Mid-terrace house,108,3,1,1962,2011
115000,Multiple dwelling,95,3,2,1982,2012
115000,Mid-terrace house,130,3,2,1910,2014
115000,Single dwelling,110,3,1,1938,2015
115000,Duplex,250,4,3,1850,2017
117000,Multiple dwelling,110,2,1,1940,2018
118000,Duplex,160,4,2,1905,2003
118000,Mid-terrace house,210,5,2,1992,2011
118000,Mid-terrace house,139,3,1,1919,2016
118500,Duplex,231,7,2,1906,1996
119000,Residential property,150,5,1,1960,1980
119000,Mid-terrace house,100,3,1,1930,1997
119000,Mid-terrace house,89,2,2,1936,1998
119000,Mid-terrace house,80,2,1,1936,2000
119000,Single dwelling,80,2,2,1950,2012
119000,Mid-terrace house,100,3,2,1950,2017
119000,Residential property,141,3,2,1996,2018
119000,Single dwelling,110,2,1,1900,2018
119000,Multiple dwelling,94.18,2,1,1900,2020
119999,Mid-terrace house,196,4,2,1848,1999
120000,Farmhouse,120,3,1,1991,1991
120000,Residential property,220,4,3,1900,1995
120000,Single dwelling,120,3,2,1929,2000
120000,Single dwelling,100,2,2,1961,2001
120000,Duplex,266,7,4,1866,2009
120000,Duplex,150,2,2,1960,2010
120000,Single dwelling,140,3,2,1714,2016
120000,Mid-terrace house,80,2,1,1988,2019
121520,Duplex,157,5,2,1905,1981
123100,Mid-terrace house,130,3,1,1930,2001
124000,Mid-terrace house,110.02,3,2,1800,1995
124000,Single dwelling,140,5,1,1952,1995
124000,Farmhouse,80,3,1,1954,2020
125000,Mid-terrace house,95.36,3,1,1900,1957
125000,Mid-terrace house,165,4,1,1800,1981
125000,Single dwelling,90,4,1,1927,1994
125000,Farmhouse,90,1,1,1960,1998
125000,Single dwelling,99,1,1,1929,1998
125000,Mid-terrace house,162,3,2,1985,2002
125000,Mid-terrace house,140,3,2,1953,2005
125000,Mid-terrace house,124,2,1,1936,2013
125000,Mid-terrace house,186,2,1,1910,2013
125000,Single dwelling,164,4,2,1930,2017
125000,Mid-terrace house,175,4,2,1950,2019
125000,Farmhouse,80,3,1,1996,2020
127000,Mid-terrace house,140,4,1,1938,2018
127000,Farmhouse,84,2,2,1955,2019
128000,Multiple dwelling,106,4,1,1901,2000
128000,Single dwelling,115,4,1,1938,2001
128570,Mid-terrace house,137,5,1,1960,2000
129000,Mid-terrace house,130,5,1,1577,1970
129000,Duplex,115,2,2,1900,1978
129000,Duplex,250,3,3,1905,1992
129000,Single dwelling,100,3,2,1953,1996
129000,Mid-terrace house,100,3,1,1960,1997
129000,Corner house,200,5,2,1900,2000
129000,Multiple dwelling,178,4,3,1970,2005
129000,Mid-terrace house,115,4,2,1750,2009
129000,Mid-terrace house,130,3,1,1928,2016
129000,Mid-terrace house,140,1,2,1989,2016
129000,Farmhouse,90,2,1,1900,2017
129000,Mid-terrace house,170,5,2,1910,2018
129000,Multiple dwelling,100,2,1,1920,2019
129000,Mid-terrace house,150.06,4,2,1910,2019
129500,Mid-terrace house,180,4,2,1900,1998
130000,Duplex,201.2,4,4,1906,1998
130000,Residential property,200,2,4,1995,2003
130000,Farmhouse,140,4,1,1968,2006
130000,Mid-terrace house,106.79,3,1,1800,2006
130000,Mid-terrace house,135,6,1,1906,2011
130000,Mid-terrace house,150,3,1,1973,2014
130000,Corner house,180,4,2,1900,2015
130000,Special property,100.26,1,1,1950,2017
130000,Farmhouse,152,3,1,1962,2019
130000,Single dwelling,70,2,1,1902,2019
133000,Corner house,190,6,1,1900,2002
134000,Duplex,190,5,2,1897,2016
134000,Mid-terrace house,72,2,1,1997,2019
135000,Single dwelling,49,2,1,1910,1995
135000,Duplex,163,3,2,1900,2002
135000,Mid-terrace house,127,4,2,1957,2002
135000,Multiple dwelling,95,3,2,1982,2010
135000,Duplex,183,4,3,1956,2014
135000,Duplex,190,3,3,1900,2017
135000,Mid-terrace house,125.18,3,1,1900,2017
135000,Single dwelling,125,3,2,1976,2018
135000,Mid-terrace house,140,3,1,1949,2018
135000,Mid-terrace house,120,3,1,1600,2018
135000,Multiple dwelling,129,3,1,1966,2020
136000,Mid-terrace house,150,2,2,1920,2000
137000,Farmhouse,120,2,2,1956,1995
137500,Single dwelling,75,2,1,1976,2011
138500,Mid-terrace house,180,4,2,1950,1973
139000,Mid-terrace house,170,5,2,1890,1970
139000,Mid-terrace house,130,1,1,1900,1994
139000,Farmhouse,65,1,1,1962,2008
139000,Farmhouse,93,2,1,1926,2011
139000,Mid-terrace house,140,4,2,1957,2014
139000,Mid-terrace house,150,4,1,1984,2015
139000,Single dwelling,123,4,2,1967,2017
139000,Duplex,179,5,3,1924,2018
139000,Mid-terrace house,99.13,3,1,1937,2019
139000,Mid-terrace house,96.49,3,1,1958,2019
139000,Single dwelling,114,3,1,1930,2019
139500,Duplex,200,5,2,1920,2010
140000,Mid-terrace house,220,3,3,1923,2003
140000,Duplex,188,4,2,1900,2010
140000,Duplex,560.27,8,3,1830,2010
140000,Farmhouse,155,3,1,1920,2018
142000,Single dwelling,120,2,2,1958,2019
144000,Single dwelling,120,4,1,1961,2000
144000,Corner house,300,10,3,1850,2000
145000,Farmhouse,80,3,1,1908,1985
145000,Mid-terrace house,148,5,2,1920,1987
145000,Mid-terrace house,149,5,2,1933,1998
145000,Single dwelling,228,4,2,1969,1998
145000,Mid-terrace house,120,4,1,1961,2015
145000,Mid-terrace house,150,4,3,1955,2017
145000,Duplex,308,10,6,1960,2018
148900,Duplex,169,5,2,1978,2016
149000,Mid-terrace house,168,5,1,1971,1990
149000,Mid-terrace house,72.4,2,1,1991,1991
149000,Duplex,323,6,4,1884,1994
149000,Multiple dwelling,108,3,1,1967,1996
149000,Single dwelling,130,4,1,1934,1996
149000,Duplex,321,3,2,1900,1997
149000,Duplex,135,3,2,1900,2000
149000,Castle,400,12,3,1908,2004
149000,Mid-terrace house,106.11,3,2,1956,2005
149000,Mid-terrace house,160,3,1,1932,2005
149000,Corner house,140.9,3,2,1920,2006
149000,Multiple dwelling,112,3,2,1948,2007
149000,Mid-terrace house,93.6,3,1,1935,2008
149000,Mid-terrace house,180,5,2,1957,2009
149000,Special property,40,1,1,1987,2010
149000,Mid-terrace house,120,4,2,1966,2011
149000,Single dwelling,66,2,1,1956,2013
149000,Mid-terrace house,194,5,2,1910,2014
149000,Duplex,136,5,3,1930,2014
149000,Corner house,156,2,1,1900,2015
149000,Farmhouse,127,2,2,1970,2017
149000,Single dwelling,185,2,2,1891,2017
149000,Single dwelling,165,3,3,1935,2018
149000,Mid-terrace house,124,4,2,1900,2018
149000,Duplex,190,3,1,1743,2019
149000,Mid-terrace house,95,3,1,1955,2019
149000,Residential property,230,4,2,1951,2020
149500,Mid-terrace house,163,4,2,1840,1976
149500,Mid-terrace house,160,4,2,1900,2019
149900,Mid-terrace house,113,3,1,1997,2014
150000,Mid-terrace house,99,4,2,1995,1995
150000,Duplex,134,3,2,1900,1997
150000,Single dwelling,130,3,1,1999,1999
150000,Mid-terrace house,160,3,2,1933,1999
150000,Mid-terrace house,150,2,2,1930,1999
150000,Mid-terrace house,75,1,1,1995,2009
150000,Corner house,80,3,1,1890,2014
150000,Mid-terrace house,145,2,2,1950,2014
150000,Duplex,282,3,3,1914,2014
150000,Bungalow,340,5,3,1911,2015
150000,Villa,185,3,3,1936,2015
150000,Duplex,160,3,2,1900,2015
150000,Farmhouse,136,4,1,1935,2015
150000,Mid-terrace house,90,5,1,1928,2017
150000,Mid-terrace house,90,5,1,1928,2017
150000,Single dwelling,318.75,6,3,1963,2017
150000,Single dwelling,318.75,6,3,1963,2017
150000,Residential property,117,4,1,1940,2018
150000,Mid-terrace house,100,3,1,1930,2018
150000,Mid-terrace house,128,3,1,1850,2019
150000,Single dwelling,150,4,2,1936,2019
150000,Mid-terrace house,99,3,2,1900,2020
151000,Mid-terrace house,165,4,2,1984,2017
155000,Duplex,137,4,3,1901,1992
155000,Mid-terrace house,127.01,5,2,1950,1998
155000,Mid-terrace house,177,4,2,1935,2016
155000,Mid-terrace house,85,1,1,1974,2018
157000,Special property,82,2,2,2002,2012
157000,Duplex,240,6,3,1910,2012
157000,Mid-terrace house,200.26,5,2,1965,2012
158000,Mid-terrace house,110,3,1,1999,2019
159000,Single dwelling,190,3,2,1936,1995
159000,Mid-terrace house,110,3,1,1932,1995
159000,Mid-terrace house,170,4,2,1900,1996
159000,Mid-terrace house,100,2,1,1952,2000
159000,Mid-terrace house,100,3,1,1900,2000
159000,Farmhouse,177,3,1,1876,2008
159000,Duplex,200,6,3,1970,2013
159000,Mid-terrace house,110,3,1,1850,2015
159000,Duplex,280,6,3,1948,2017
159000,Mid-terrace house,146,4,2,1976,2019
160000,Duplex,220,4,2,1956,1974
160000,Mid-terrace house,290,2,2,1967,1997
160000,Single dwelling,90,1,1,1954,2007
160000,Mid-terrace house,132,4,2,1896,2012
160000,Mid-terrace house,280,4,2,1927,2013
160000,Mid-terrace house,120,3,1,1936,2015
160000,Duplex,210,8,6,1800,2018
160000,Farmhouse,98.88,2,2,1968,2018
161600,Mid-terrace house,120,2,2,1900,2017
162500,Duplex,340,10,0,1650,1970
163000,Mid-terrace house,83,1,1,1973,2015
164000,Duplex,260,2,1,1950,1975
164000,Mid-terrace house,130,2,2,1907,2007
165000,Duplex,215,6,2,1976,1990
165000,Single dwelling,67,1,1,1937,1997
165000,Mid-terrace house,120,4,2,1900,2003
165000,Bungalow,310,6,4,1870,2010
165000,Multiple dwelling,137.4,1,2,1980,2010
165000,Mid-terrace house,133.5,1,1,1950,2010
165000,Mid-terrace house,284,8,4,1800,2014
165000,Corner house,115,3,2,1936,2017
165000,Single dwelling,170,3,2,1962,2019
165000,Multiple dwelling,140,3,1,1990,2019
165000,Single dwelling,80,3,1,1931,2019
167000,Mid-terrace house,128,3,1,1963,2018
167500,Bungalow,68,2,1,1972,2016
169000,Multiple dwelling,90,3,22,1961,2000
169000,Mid-terrace house,70,1,1,1896,2004
169000,Mid-terrace house,120,4,1,1972,2010
169000,Mid-terrace house,115,4,2,1904,2010
169000,Mid-terrace house,137.82,3,1,1950,2017
169000,Mid-terrace house,116,3,2,1920,2017
169000,Mid-terrace house,116,3,2,1920,2017
169000,Single dwelling,120,3,1,1930,2017
169000,Duplex,184,4,2,1890,2018
169000,Mid-terrace house,120,3,2,1960,2018
169000,Single dwelling,210,5,2,1976,2019
169000,Mid-terrace house,227,4,3,1965,2019
169000,Duplex,230,5,2,1920,2019
169000,Multiple dwelling,147.97,3,1,1900,2020
169750,Duplex,151,3,2,1935,2017
169900,Mid-terrace house,127,4,2,1963,2010
170000,Duplex,160,5,2,1920,2013
170000,Mid-terrace house,122,2,1,1900,2015
170000,Duplex,216,3,3,1980,2016
170000,Farmhouse,133,3,2,1680,2017
170000,Single dwelling,121.9,2,2,2000,2019
170000,Multiple dwelling,160,1,1,1905,2020
172000,Duplex,150,2,2,1912,1994
175000,Duplex,305,6,3,1900,2005
175000,Duplex,181,6,4,1900,2009
175000,Duplex,365,12,6,1890,2011
175000,Duplex,276,8,2,1983,2015
175000,Mid-terrace house,145,3,1,1914,2016
175000,Multiple dwelling,116,4,1,1965,2017
175000,Single dwelling,200,2,2,1912,2018
175000,Farmhouse,120,4,2,1895,2018
175000,Duplex,185,6,2,1900,2020
177000,Single dwelling,95,2,1,1968,2009
178000,Mid-terrace house,142,3,3,1963,1996
179000,Single dwelling,158.8,5,1,1951,1980
179000,Mid-terrace house,120,3,2,1985,1985
179000,Corner house,236,4,2,1900,1994
179000,Mid-terrace house,263,3,1,1966,1998
179000,Duplex,222.18,4,3,1821,2000
179000,Duplex,153,5,3,1910,2010
179000,Mid-terrace house,197.4,3,2,1900,2010
179000,Mid-terrace house,136,4,2,1957,2018
179000,Duplex,171,3,3,1914,2018
179000,Mid-terrace house,190,3,2,1892,2018
179000,Single dwelling,150,4,2,1996,2018
179000,Mid-terrace house,90.28,1,1,1898,2019
179000,Farmhouse,154.74,4,2,1900,2020
179500,Mid-terrace house,125,2,1,1960,2015
179500,Duplex,261,4,4,1847,2018
179500,Farmhouse,110,1,2,1945,2018
179500,Mid-terrace house,122,3,2,1898,2020
179850,Duplex,215,3,2,1967,1997
179900,Mid-terrace house,160,4,2,1979,2019
180000,Duplex,225,3,3,1915,1995
180000,Mid-terrace house,120,3,1,1904,1995
180000,Single dwelling,164,3,2,1936,1997
180000,Special property,109,2,1,1970,1998
180000,Residential property,285,10,4,1958,2005
180000,Mid-terrace house,150,3,1,1960,2009
180000,Duplex,187,3,3,1928,2012
180000,Corner house,120,2,1,1960,2012
180000,Duplex,228,4,2,1938,2013
180000,Mid-terrace house,269.33,6,1,1715,2013
180000,Mid-terrace house,305,6,3,1867,2014
180000,Duplex,200,4,4,1992,2014
181000,Single dwelling,75,3,1,1960,1998
184900,Mid-terrace house,210,2,2,1930,2008
185000,Duplex,400,8,2,1900,1995
185000,Mid-terrace house,201,5,2,1972,1997
185000,Mid-terrace house,165.01,4,1,1908,2011
185000,Mid-terrace house,135,1,1,1952,2012
185000,Mid-terrace house,100,4,2,1984,2012
185000,Mid-terrace house,280,3,3,1928,2013
185000,Mid-terrace house,100,2,1,1920,2014
185000,Mid-terrace house,120.01,2,2,1920,2017
185000,Mid-terrace house,126,2,2,1936,2017
185000,Mid-terrace house,95,2,2,1989,2017
185000,Multiple dwelling,79.2,2,1,1954,2018
185000,Corner house,156,2,2,1870,2018
186000,Farmhouse,150,5,1,1708,2017
186000,Single dwelling,97.84,5,2,1908,2019
187000,Single dwelling,125,5,1,1954,2010
189000,Single dwelling,113,3,1,1940,1917
189000,Mid-terrace house,220,3,4,1870,1996
189000,Mid-terrace house,283,7,3,1957,2003
189000,Single dwelling,100,3,1,1962,2005
189000,Mid-terrace house,99,2,1,1985,2010
189000,Single dwelling,134,4,2,1954,2010
189000,Single dwelling,187,3,2,1976,2015
189000,Single dwelling,90,2,1,1935,2016
189000,Duplex,184,4,1,1620,2016
189000,Mid-terrace house,268.67,5,2,1900,2017
189000,Mid-terrace house,162.95,2,1,1900,2019
189000,Mid-terrace house,145,3,1,1911,2020
190000,Mid-terrace house,180,4,1,1946,1994
190000,Mid-terrace house,274,6,2,1912,2000
190000,Duplex,170,6,4,1972,2014
190000,Mid-terrace house,130,3,2,1987,2014
190000,Duplex,285,6,5,1925,2015
190000,Duplex,293,6,6,1928,2019
190000,Farmhouse,74,2,2,1954,2019
195000,Mid-terrace house,180,4,2,1912,1980
195000,Single dwelling,185,2,2,1930,1992
195000,Duplex,307,4,4,1900,1996
195000,Duplex,214,6,3,1900,1999
195000,Farmhouse,120,3,1,1957,2005
195000,Mid-terrace house,210,5,2,1954,2005
195000,Mid-terrace house,130,1,1,1975,2008
195000,Mid-terrace house,190,6,2,1969,2010
195000,Mid-terrace house,220,3,2,1959,2012
195000,Mid-terrace house,140,3,1,1950,2012
195000,Mid-terrace house,180,3,1,1938,2015
195000,Mid-terrace house,180,3,1,1938,2015
195000,Single dwelling,90,1,1,1952,2016
195000,Duplex,234,10,4,1918,2016
195000,Duplex,380,5,3,1992,2016
195000,Farmhouse,110,3,2,1923,2017
195000,Special property,109,2,1,1968,2018
195000,Farmhouse,170.79,4,2,1900,2020
195100,Mid-terrace house,130,3,1,1930,2001
197500,Mid-terrace house,161.67,4,2,1967,1995
198000,Duplex,200,4,2,1974,1986
198000,Mid-terrace house,120,2,2,1960,1995
198000,Mid-terrace house,205,3,2,1826,2003
198000,Corner house,350,8,3,1930,2014
198000,Mid-terrace house,200,8,1,1823,2020
199000,Duplex,333,6,3,1426,1979
199000,Mid-terrace house,162.2,2,2,1973,1991
199000,Multiple dwelling,235,3,5,1895,1993
199000,Duplex,290,2,2,1836,2000
199000,Mid-terrace house,146.17,4,2,1971,2001
199000,Multiple dwelling,120,3,2,1920,2002
199000,Mid-terrace house,125,4,1,1950,2003
199000,Mid-terrace house,220,5,2,1979,2003
199000,Duplex,131.84,3,2,1850,2006
199000,Duplex,120,2,3,1957,2010
199000,Single dwelling,90,3,1,1945,2011
199000,Corner house,240,3,1,1900,2014
199000,Mid-terrace house,115,4,2,1958,2014
199000,Mid-terrace house,495,6,3,1900,2014
199000,Bungalow,480,8,3,1901,2014
199000,Mid-terrace house,190,5,2,1920,2015
199000,Mid-terrace house,337,10,2,1966,2016
199000,Mid-terrace house,128,3,2,1998,2018
199000,Duplex,270,5,3,1924,2018
199000,Mid-terrace house,175,6,2,1964,2018
199000,Bungalow,88,3,2,2011,2019
199000,Mid-terrace house,115,2,2,1976,2019
199000,Multiple dwelling,156,4,2,1930,2019
199000,Mid-terrace house,88,3,2,2011,2019
199000,Special property,70,1,1,1973,2019
199000,Mid-terrace house,127.06,4,2,1970,2019
199000,Corner house,86,4,1,1933,2019
199000,Duplex,70,4,2,1903,2019
199000,Mid-terrace house,130,4,1,1900,2019
199000,Duplex,340,5,5,1950,2020
199500,Multiple dwelling,71,2,2,1955,2013
199500,Mid-terrace house,92,1,1,1934,2018
199600,Duplex,184,6,3,1938,1992
199990,Duplex,150,5,2,1962,2001
199990,Mid-terrace house,130,2,1,1970,2013
199995,Single dwelling,120,2,1,1880,2018
200000,Duplex,302,5,3,1818,1999
200000,Duplex,328,7,5,1905,2000
200000,Mid-terrace house,55.6,2,1,1965,2006
200000,Mid-terrace house,142,5,1,1997,2017
202200,Mid-terrace house,135,3,1,1950,2012
204000,Mid-terrace house,186,3,2,1973,2014
205000,Duplex,300,3,3,1936,2002
205000,Residential property,73,2,1,1900,2003
205000,Mid-terrace house,170,3,1,1973,2018
205000,Mid-terrace house,200,5,2,1900,2019
205900,Mid-terrace house,100,4,1,1960,2018
208000,Duplex,199,4,4,1965,2016
209000,Mid-terrace house,230,4,2,1935,1995
209000,Corner house,65.21,1,1,1900,1998
209000,Mid-terrace house,202,6,3,1958,2005
209500,Mid-terrace house,180,3,3,1920,2019
210000,Mid-terrace house,143.77,4,1,1930,1998
210000,Mid-terrace house,135,4,1,1962,2010
210000,Mid-terrace house,98,3,2,1984,2017
210000,Duplex,256.4,7,4,1920,2017
210000,Mid-terrace house,392,8,2,1900,2017
210000,Mid-terrace house,137,1,1,1974,2018
210000,Duplex,222,6,3,1900,2018
210000,Farmhouse,112.48,3,1,2003,2019
214000,Duplex,360,5,5,1930,2002
214900,Duplex,203,5,2,1970,2019
215000,Mid-terrace house,100,3,1,1970,2000
215000,Farmhouse,130,4,1,1976,2017
215000,Duplex,213,6,4,1900,2018
215000,Single dwelling,115,2,1,1982,2020
216000,Duplex,178,4,4,1938,2006
218000,Duplex,316,5,5,1900,1994
218000,Duplex,220,6,3,1954,2015
219000,Mid-terrace house,84,2,1,1956,1980
219000,Duplex,200,4,3,1927,1990
219000,Single dwelling,113,3,1,1960,1998
219000,Mid-terrace house,146,3,1,1969,2010
219000,Mid-terrace house,115,3,2,1956,2012
219000,Farmhouse,130,4,2,1972,2015
219000,Mid-terrace house,148,4,1,1976,2016
219000,Residential property,210,5,3,1800,2016
219000,Mid-terrace house,150,4,2,1957,2017
219000,Mid-terrace house,152,4,2,2000,2019
219900,Duplex,185,6,2,1920,2010
220000,Mid-terrace house,120,4,1,1989,1995
220000,Single dwelling,353,4,5,1840,1996
220000,Mid-terrace house,127,4,2,1977,2005
220000,Mid-terrace house,150,4,2,1954,2010
220000,Mid-terrace house,133,2,2,1969,2011
220000,Duplex,241,3,3,1960,2011
220000,Mid-terrace house,180,3,2,1900,2012
220000,Duplex,223,6,3,1981,2013
220000,Mid-terrace house,193.34,4,1,1870,2014
220000,Multiple dwelling,110,3,1,1936,2015
220000,Single dwelling,280,4,3,1938,2015
220000,Single dwelling,131,3,2,1945,2015
220000,Mid-terrace house,177,5,2,1967,2016
220000,Duplex,187,3,3,1968,2017
220000,Mid-terrace house,75,3,2,1976,2017
220000,Multiple dwelling,85,2,1,1958,2019
221000,Mid-terrace house,250,5,3,1900,1995
222000,Mid-terrace house,117,3,3,1978,2008
225000,Mid-terrace house,120,3,1,1960,1995
225000,Duplex,214,4,2,1928,2001
225000,Mid-terrace house,80,1,1,1900,2003
225000,Mid-terrace house,126,3,2,1967,2006
225000,Mid-terrace house,192,5,2,1965,2012
225000,Duplex,160,3,3,1961,2018
225000,Mid-terrace house,149,4,2,1975,2019
226000,Mid-terrace house,240,2,2,1890,2020
227000,Corner house,220,5,2,1868,2009
227000,Single dwelling,180,3,2,1975,2016
227450,Mid-terrace house,220,4,2,1977,2018
227500,Mid-terrace house,180,3,2,1983,2015
228000,Duplex,205,3,2,1910,1995
228000,Single dwelling,105.63,2,1,1910,2009
229000,Special property,102,2,1,1975,1997
229000,Mid-terrace house,143,4,1,1951,2006
229000,Multiple dwelling,120,2,1,1996,2008
229000,Residential property,140,18,17,1850,2008
229000,Duplex,179.01,6,2,1890,2010
229000,Mid-terrace house,145,3,1,1964,2012
229000,Farmhouse,150,5,2,1904,2013
229000,Mid-terrace house,132,2,2,2000,2014
229000,Mid-terrace house,165.23,1,1,1954,2015
229000,Mid-terrace house,128,3,1,1955,2015
229000,Special property,88,2,1,1976,2017
229000,Single dwelling,113.6,2,1,1914,2017
229000,Mid-terrace house,164,5,3,1995,2018
229000,Single dwelling,100,3,1,1986,2019
229500,Duplex,212,3,3,1914,1994
229500,Mid-terrace house,70,2,1,1960,2014
229900,Farmhouse,92.5,3,1,1963,2013
230000,Duplex,206,3,3,1900,2004
230000,Duplex,159,2,2,1971,2007
230000,Mid-terrace house,140,3,1,1900,2011
230000,Duplex,370,7,3,1822,2011
230000,Mid-terrace house,140,4,2,1936,2011
230000,Multiple dwelling,134,5,2,1937,2012
230000,Single dwelling,116,1,1,1900,2015
230000,Mid-terrace house,150,3,2,1959,2015
230000,Mid-terrace house,108,2,1,1958,2018
230000,Mid-terrace house,190,4,2,1981,2018
230000,Mid-terrace house,204.95,6,3,1969,2020
233000,Single dwelling,151,7,2,1910,2017
234000,Mid-terrace house,184,5,1,1911,2010
234500,Mid-terrace house,143.12,3,2,1899,2020
235000,Mid-terrace house,215,5,2,1934,1995
235000,Mid-terrace house,238,2,2,1974,2001
235000,Farmhouse,70,3,1,1954,2015
235000,Mid-terrace house,74.14,2,1,1605,2016
235000,Mid-terrace house,80,1,1,1606,2016
235000,Farmhouse,78,3,1,1965,2016
235000,Mid-terrace house,90.05,2,1,1999,2018
235000,Mid-terrace house,147,4,2,1960,2020
236000,Mid-terrace house,180,3,2,1958,2017
236000,Residential property,200,2,1,1965,2018
237000,Multiple dwelling,189,3,1,1938,1990
238000,Mid-terrace house,180,5,1,1900,2014
238000,Duplex,387,7,5,1920,2018
238000,Mid-terrace house,107,4,2,1955,2019
238500,Mid-terrace house,220,2,2,1960,2018
239000,Mid-terrace house,160,3,2,1895,1989
239000,Mid-terrace house,173,4,2,1900,1998
239000,Mid-terrace house,178,2,1,1972,2001
239000,Single dwelling,130,3,2,1936,2005
239000,Mid-terrace house,115,1,2,1934,2006
239000,Duplex,175,5,2,1908,2007
239000,Duplex,290,7,3,1972,2010
239000,Duplex,265,4,3,1975,2015
239000,Farmhouse,110,3,1,1988,2015
239000,Mid-terrace house,239.03,6,2,1971,2015
239000,Mid-terrace house,110,3,1,1986,2018
239000,Duplex,314,7,6,1873,2018
239000,Single dwelling,190,6,1,1900,2018
239000,Duplex,185,4,2,1958,2019
239000,Mid-terrace house,175,5,2,1979,2019
239000,Single dwelling,84,2,1,1990,2019
239500,Multiple dwelling,149.8,3,1,1977,2004
239999,Residential property,80,2,1,1959,2018
240000,Farmhouse,108,1,2,1900,1986
240000,Mid-terrace house,130,4,1,1850,2015
241000,Duplex,501,8,8,1913,2010
242000,Multiple dwelling,169.48,6,1,1970,2008
245000,Duplex,139,6,1,1911,1982
245000,Bungalow,175,2,2,1751,1992
245000,Single dwelling,196,1,1,1900,2001
245000,Duplex,145,4,3,1986,2006
245000,Duplex,190,4,2,1972,2016
245000,Corner house,235,3,3,1900,2018
245000,Single dwelling,172,1,1,1994,2019
246800,Single dwelling,93,3,1,1900,2003
247500,Duplex,266,7,3,1965,2012
247695,Farmhouse,78.33,3,1,1961,2007
247700,Farmhouse,141,4,2,1920,2014
248000,Mid-terrace house,114,2,1,1952,2000
248000,Multiple dwelling,115,2,2,1965,2014
248000,Single dwelling,125,2,1,1957,2020
249000,Corner house,170,4,2,1900,1970
249000,Single dwelling,137.31,5,2,1750,1974
249000,Mid-terrace house,115,3,2,1974,1990
249000,Mid-terrace house,120,1,2,1854,1998
249000,Mid-terrace house,225,3,1,1970,2000
249000,Mid-terrace house,106,3,2,1968,2000
249000,Farmhouse,120,3,1,1974,2000
249000,Duplex,300,6,5,1900,2000
249000,Multiple dwelling,76,2,1,1962,2005
249000,Mid-terrace house,130,6,2,1900,2010
249000,Multiple dwelling,105.92,3,1,2000,2010
249000,Duplex,145,4,2,1965,2010
249000,Single dwelling,61,2,1,1900,2010
249000,Single dwelling,102,1,1,1955,2011
249000,Mid-terrace house,129.32,3,2,1979,2012
249000,Mid-terrace house,170,4,3,2013,2013
249000,Mid-terrace house,106,2,1,1963,2013
249000,Single dwelling,115,3,1,1900,2014
249000,Mid-terrace house,109,3,1,1970,2014
249000,Farmhouse,104.47,3,1,2000,2015
249000,Mid-terrace house,111.49,3,1,2007,2015
249000,Duplex,157.08,2,2,1901,2016
249000,Mid-terrace house,115,3,2,1860,2016
249000,Mid-terrace house,160,4,2,1971,2017
249000,Mid-terrace house,120,2,1,2018,2018
249000,Single dwelling,170,3,1,1917,2018
249000,Mid-terrace house,188.01,4,2,1930,2019
249000,Mid-terrace house,184,2,3,1949,2019
249000,Mid-terrace house,190.01,6,2,1995,2019
249000,Mid-terrace house,190.01,6,2,1995,2019
249000,Duplex,170,4,2,1984,2020
249000,Multiple dwelling,122,3,1,1998,2020
249000,Single dwelling,117.8,3,1,1957,2020
249500,Mid-terrace house,200.28,2,1,1960,1986
249900,Special property,107.55,3,1,2004,2009
249900,Single dwelling,106,3,1,1990,2012
249900,Special property,141,3,2,1990,2012
249900,Mid-terrace house,117,2,1,1721,2013
249900,Residential property,178.85,6,3,1995,2018
249900,Mid-terrace house,163,3,2,1997,2019
249999,Mid-terrace house,224,3,1,1964,2013
250000,Mid-terrace house,139,3,1,1954,1980
250000,Duplex,223,6,6,1935,1994
250000,Duplex,364,4,4,1975,1995
250000,Duplex,311,6,5,1905,1996
250000,Mid-terrace house,100.26,5,1,1962,1998
250000,Duplex,352,7,4,1899,2000
250000,Duplex,350,6,6,1912,2000
250000,Bungalow,340,8,4,1926,2006
250000,Corner house,150,4,1,1927,2008
250000,Mid-terrace house,172,3,2,1951,2009
250000,Duplex,381,8,4,1935,2010
250000,Mid-terrace house,142.37,5,2,1993,2012
250000,Mid-terrace house,260,4,1,1970,2015
250000,Duplex,318.5,6,6,1927,2018
250000,Mid-terrace house,160,4,3,1938,2018
250000,Duplex,320,8,5,1930,2019
250000,Farmhouse,131,4,2,1988,2019
250000,Duplex,260,5,5,1920,2020
250010,Duplex,266,7,3,1960,2014
255000,Duplex,270,12,3,1907,2014
255000,Mid-terrace house,186.5,1,2,1934,2016
255000,Special property,122.68,3,1,1972,2016
255000,Mid-terrace house,152,4,1,1900,2019
255000,Mid-terrace house,110,3,2,1973,2020
256000,Residential property,120,3,1,1952,2010
256000,Mid-terrace house,130,3,1,1979,2015
256010,Duplex,440,4,3,1895,2017
257000,Bungalow,285,10,2,2017,2017
259000,Mid-terrace house,160,4,1,1937,1995
259000,Mid-terrace house,160,4,1,1937,1995
259000,Special property,146,2,2,1993,1997
259000,Mid-terrace house,160,3,3,1938,1998
259000,Mid-terrace house,130,3,1,1910,2005
259000,Single dwelling,210,6,2,1906,2006
259000,Residential property,120,2,1,1954,2008
259000,Mid-terrace house,117,3,1,1966,2013
259000,Mid-terrace house,180,6,2,1911,2013
259000,Mid-terrace house,188,6,2,1900,2014
259000,Mid-terrace house,229,5,2,1879,2015
259000,Mid-terrace house,140,3,2,1910,2016
259000,Duplex,174,4,2,1965,2017
259000,Mid-terrace house,140,3,1,1968,2018
259000,Mid-terrace house,160,4,2,2000,2019
259000,Special property,118,3,1,2008,2019
259000,Duplex,146,4,2,1960,2019
259700,Mid-terrace house,157,3,2,1994,1999
259700,Mid-terrace house,157,3,2,1994,1999
259800,Mid-terrace house,192.34,7,1,1886,2019
260000,Mid-terrace house,203.17,6,4,1900,1993
260000,Mid-terrace house,144,4,2,1890,2005
260000,Duplex,366,4,3,1973,2011
260000,Residential property,151,3,3,1908,2012
260000,Mid-terrace house,260,4,3,1950,2015
260000,Duplex,360,5,4,1900,2017
262000,Duplex,270,5,5,2005,2005
264000,Duplex,230,6,3,1955,2017
264500,Residential property,140,4,2,1929,2010
265000,Mid-terrace house,120,4,2,1962,2007
265000,Mid-terrace house,186,3,1,1960,2007
265000,Duplex,253.5,3,3,1972,2013
265000,Farmhouse,95,2,1,1953,2013
265000,Mid-terrace house,163,5,2,1967,2016
265000,Mid-terrace house,50,2,1,1980,2017
265000,Mid-terrace house,172.5,5,3,1993,2019
265000,Duplex,315,10,4,1935,2019
265000,Farmhouse,129,4,2,1985,2019
265000,Single dwelling,80,2,1,1938,2019
266000,Single dwelling,175,3,2,1966,1987
267000,Special property,120,3,1,1983,2018
268000,Single dwelling,120,3,1,1996,2013
269000,Mid-terrace house,153,4,2,1900,1990
269000,Corner house,220,5,3,1882,2000
269000,Multiple dwelling,92,3,2,1994,2005
269000,Single dwelling,100,3,2,1951,2008
269000,Mid-terrace house,135,3,2,1933,2010
269000,Bungalow,210,3,1,1973,2010
269000,Farmhouse,160,3,2,1987,2013
269000,Mid-terrace house,104.32,3,1,1930,2014
269000,Farmhouse,173,5,1,1953,2014
269000,Residential property,300,6,3,1950,2015
269000,Duplex,211.81,5,3,1921,2016
269000,Mid-terrace house,183,5,2,1914,2016
269000,Mid-terrace house,111,3,2,2005,2018
269000,Mid-terrace house,117.96,3,1,1960,2018
269000,Farmhouse,130,4,2,1986,2019
269000,Mid-terrace house,158,4,2,1971,2019
269000,Mid-terrace house,128,3,1,1950,2019
269000,Mid-terrace house,114,3,1,1973,2019
269500,Mid-terrace house,160,3,1,1972,2015
270000,Corner house,160,4,1,1920,1960
270000,Mid-terrace house,131,2,2,1963,1999
270000,Duplex,146,4,2,1950,2009
270000,Mid-terrace house,100,2,1,1965,2010
270000,Mid-terrace house,80,2,1,1968,2010
270000,Duplex,335.15,5,2,1978,2014
270000,Single dwelling,150,2,2,1938,2016
270000,Mid-terrace house,192.51,2,3,1910,2017
271000,Mid-terrace house,65,1,1,1984,2019
272900,Mid-terrace house,89,2,2,1958,2005
274500,Farmhouse,109.92,3,1,1964,2016
275000,Single dwelling,114,3,1,1909,1979
275000,Special property,50,2,1,1988,1994
275000,Bungalow,250,3,3,1995,2000
275000,Mid-terrace house,230,0,2,1900,2004
275000,Mid-terrace house,130,2,2,1954,2005
275000,Single dwelling,220,4,2,1930,2005
275000,Mid-terrace house,160,4,2,1938,2017
275000,Duplex,272,6,2,1890,2017
275000,Mid-terrace house,110,3,2,1905,2018
275000,Duplex,265,6,4,1830,2018
275000,Mid-terrace house,240,5,3,1974,2019
275000,Mid-terrace house,187,4,1,1960,2020
275000,Mid-terrace house,330,7,3,2012,2020
279000,Duplex,381,3,1,1927,1977
279000,Mid-terrace house,110,4,1,1930,1990
279000,Mid-terrace house,210,3,1,1992,1995
279000,Duplex,324.26,6,6,1912,1995
279000,Mid-terrace house,90,2,1,1949,1996
279000,Mid-terrace house,205,6,2,1900,1999
279000,Special property,120,3,2,1972,2001
279000,Mid-terrace house,150,4,1,1970,2004
279000,Residential property,190,5,2,1840,2010
279000,Mid-terrace house,170,3,2,1982,2011
279000,Mid-terrace house,167.61,5,1,1955,2012
279000,Duplex,250,10,3,1914,2012
279000,Duplex,211,5,3,1999,2016
279000,Mid-terrace house,250,3,2,1928,2017
279000,Mid-terrace house,160,3,1,1961,2017
279000,Single dwelling,124,5,1,1956,2017
279000,Farmhouse,126,4,1,1986,2018
279000,Mid-terrace house,135,3,2,1965,2018
279000,Mid-terrace house,220,4,2,1924,2019
279000,Duplex,141.53,3,2,1993,2019
280000,Duplex,280,6,5,1920,1999
280000,Mid-terrace house,93.3,1,1,1969,2000
280000,Mid-terrace house,155,4,1,1957,2005
280000,Duplex,239,2,3,1967,2010
280000,Mid-terrace house,230,3,2,1985,2015
280000,Mid-terrace house,120.01,3,2,1933,2016
280000,Mid-terrace house,270,6,2,1912,2016
280000,Mid-terrace house,210,7,2,1965,2016
280000,Mid-terrace house,150,4,2,1979,2019
284000,Mid-terrace house,135,2,2,1966,2016
284000,Duplex,200,4,4,1910,2019
285000,Single dwelling,146,3,2,1900,1987
285000,Duplex,190,2,2,1911,1990
285000,Duplex,160,4,2,1960,2000
285000,Duplex,153,3,2,1950,2000
285000,Farmhouse,159,6,2,1956,2004
285000,Duplex,290,6,3,1927,2010
285000,Duplex,275,9,4,1965,2012
285000,Duplex,129.15,3,1,1900,2013
285000,Residential property,129.15,3,1,1900,2013
285000,Special property,142,3,2,1965,2014
285000,Mid-terrace house,141.79,4,2,1980,2014
285000,Bungalow,400,7,7,1992,2016
285000,Duplex,160,2,2,1934,2016
285000,Mid-terrace house,130,3,1,1971,2016
285000,Mid-terrace house,160,2,2,1934,2016
285000,Mid-terrace house,145,5,2,1900,2017
285000,Mid-terrace house,221,3,2,1939,2019
288000,Mid-terrace house,156.65,1,2,1979,2017
289000,Single dwelling,196,5,4,1963,1999
289000,Residential property,237,4,2,1968,2002
289000,Mid-terrace house,260,8,3,1966,2003
289000,Mid-terrace house,164.88,4,3,1972,2003
289000,Mid-terrace house,102,3,1,1975,2009
289000,Single dwelling,165,3,1,1940,2010
289000,Mid-terrace house,80,2,1,1946,2011
289000,Mid-terrace house,160,4,2,1968,2012
289000,Mid-terrace house,110,2,1,1960,2013
289000,Residential property,165,5,2,1960,2014
289000,Mid-terrace house,200,7,1,1900,2016
289000,Mid-terrace house,134,4,1,1966,2017
289000,Mid-terrace house,184,5,3,1981,2018
289000,Mid-terrace house,150,5,2,1982,2019
289000,Duplex,168.48,4,3,1971,2019
289000,Single dwelling,179,4,2,1964,2019
289500,Duplex,148,3,3,1934,2011
290000,Duplex,200,6,1,1962,2002
290000,Mid-terrace house,160,4,1,1900,2013
290000,Multiple dwelling,112,2,1,1979,2013
290000,Single dwelling,210,2,2,1950,2017
290000,Mid-terrace house,183,4,2,1996,2017
290000,Mid-terrace house,183,4,2,1996,2017
290000,Bungalow,140,0,0,1973,2018
290000,Single dwelling,135,3,2,1950,2019
290000,Mid-terrace house,180,3,2,1957,2019
290000,Duplex,165,8,2,1949,2020
294000,Residential property,241,4,3,1952,2015
295000,Mid-terrace house,155,3,3,1950,1995
295000,Mid-terrace house,238,5,4,1947,2001
295000,Mid-terrace house,238,5,4,1947,2001
295000,Duplex,230,7,3,1870,2003
295000,Duplex,143.14,4,2,1956,2004
295000,Duplex,120,4,3,2004,2009
295000,Duplex,220,6,3,1936,2012
295000,Mid-terrace house,259,5,3,1972,2012
295000,Single dwelling,116,2,1,1999,2014
295000,Single dwelling,175,5,2,1992,2015
295000,Duplex,245,4,2,1800,2016
295000,Single dwelling,200,3,1,1955,2018
295000,Duplex,240,4,4,1900,2018
295000,Duplex,185,5,3,1950,2019
295000,Duplex,350,4,5,1965,2019
295000,Residential property,175.86,3,1,1910,2019
295000,Duplex,136.56,3,2,1970,2019
295000,Duplex,295,5,5,1900,2020
297000,Mid-terrace house,260,5,1,1940,1996
297000,Duplex,226,4,4,1908,2015
297500,Mid-terrace house,110,3,2,1965,2013
298000,Duplex,336,5,3,1951,1985
298000,Mid-terrace house,115,2,1,1820,1985
298000,Duplex,230,6,3,1962,2000
298000,Mid-terrace house,65,2,1,1938,2006
298000,Duplex,247,6,3,1910,2010
298000,Duplex,446.02,9,6,1930,2011
298000,Duplex,220,8,3,1966,2011
298000,Duplex,305,8,4,1889,2013
298000,Mid-terrace house,152,4,1,1910,2015
298000,Mid-terrace house,119.45,3,1,1967,2018
298000,Duplex,188,5,3,1949,2019
298000,Single dwelling,167.43,2,2,2002,2020
298500,Mid-terrace house,206,3,3,1977,2016
298900,Mid-terrace house,173,6,4,1993,1993
299000,Corner house,140,1,1,1750,1980
299000,Mid-terrace house,104.5,2,1,1962,1984
299000,Mid-terrace house,145,3,1,1954,1993
299000,Duplex,280,7,3,1972,1994
299000,Duplex,280,6,3,1938,2000
299000,Mid-terrace house,130,3,1,2000,2000
299000,Mid-terrace house,240.02,3,1,1926,2001
299000,Farmhouse,164.5,6,2,1965,2002
299000,Mid-terrace house,123,2,1,1953,2005
299000,Mid-terrace house,112.71,2,1,1989,2006
299000,Mid-terrace house,192.09,5,2,1958,2010
299000,Farmhouse,136.5,2,1,1994,2010
299000,Mid-terrace house,190,3,2,1981,2010
299000,Farmhouse,111,4,2,1972,2010
299000,Farmhouse,82,3,1,1959,2011
299000,Single dwelling,172,4,2,1961,2012
299000,Residential property,129,4,2,1996,2014
299000,Mid-terrace house,160,2,2,1953,2015
299000,Farmhouse,115,5,3,1977,2015
299000,Mid-terrace house,164,4,2,1996,2015
299000,Mid-terrace house,180,3,3,1880,2015
299000,Duplex,197,3,3,1890,2017
299000,Mid-terrace house,221,4,2,1974,2018
299000,Farmhouse,120,3,2,1953,2018
299000,Mid-terrace house,119,3,2,1964,2019
299000,Duplex,194,6,2,1994,2019
299000,Mid-terrace house,160,5,2,1964,2019
299000,Single dwelling,199.36,4,2,1900,2019
299500,Mid-terrace house,140,3,2,1937,2002
299500,Single dwelling,111,3,1,1957,2007
299750,Single dwelling,106,2,2,1988,2016
299750,Special property,132,2,1,1979,2019
299900,Farmhouse,172.84,4,2,1956,2020
300000,Mid-terrace house,141.12,2,1,1967,2007
300000,Mid-terrace house,140,3,1,1969,2018
300000,Mid-terrace house,380,3,1,1930,2019
305000,Mid-terrace house,117.55,3,2,1973,2013
305000,Mid-terrace house,140.08,4,3,1993,2018
308000,Mid-terrace house,210,6,2,1935,2011
308910,Multiple dwelling,78.33,3,1,1961,2002
309000,Single dwelling,140,4,1,2006,2006
309000,Mid-terrace house,110,3,1,1900,2013
309000,Single dwelling,120,2,2,1954,2016
309000,Mid-terrace house,140,3,2,1954,2018
309850,Duplex,260,5,3,1963,2015
310000,Mid-terrace house,253,6,2,1952,1974
310000,Corner house,237,6,3,1900,1998
310000,Corner house,137.5,5,1,1962,1999
310000,Duplex,135,4,2,1840,2000
310000,Farmhouse,108,3,1,1969,2008
310000,Duplex,274,3,2,1960,2010
310000,Mid-terrace house,121.95,3,1,1957,2016
314000,Mid-terrace house,230,2,2,1964,1997
314000,Duplex,180,3,2,1931,2015
315000,Duplex,242,5,2,1954,2010
315000,Duplex,308,5,4,1900,2011
315000,Single dwelling,108.5,3,1,1983,2011
315000,Bungalow,178,4,2,2011,2012
315000,Multiple dwelling,154.97,4,2,1950,2015
315000,Duplex,141,4,2,1964,2016
315000,Duplex,262.72,4,4,1930,2017
315000,Duplex,170,5,2,1937,2017
315000,Mid-terrace house,240,6,2,1999,2019
317000,Mid-terrace house,145.51,4,1,1969,2018
318000,Mid-terrace house,188,3,3,1928,2019
319000,Mid-terrace house,140,3,1,1900,1995
319000,Mid-terrace house,280,8,3,1975,2000
319000,Mid-terrace house,150,4,2,1975,2004
319000,Residential property,180,4,2,1973,2005
319000,Duplex,239.03,5,3,1929,2008
319000,Mid-terrace house,236,7,6,1967,2015
319000,Residential property,107,4,1,1978,2015
319000,Mid-terrace house,142.63,4,2,1895,2016
319000,Mid-terrace house,223,6,2,1987,2017
319000,Single dwelling,150,4,2,1992,2018
319000,Special property,133,3,1,1970,2019
320000,Duplex,305,6,6,1995,1997
320000,Duplex,194,3,3,1890,2001
320000,Duplex,292,11,4,1800,2004
320000,Mid-terrace house,330,4,3,1852,2010
320000,Mid-terrace house,220,2,3,2016,2016
320000,Mid-terrace house,140,3,2,1890,2018
320000,Mid-terrace house,112,3,2,1986,2018
320000,Duplex,180,4,3,1910,2018
320000,Duplex,175.01,4,2,1955,2018
320000,Mid-terrace house,230,7,3,1984,2018
320000,Mid-terrace house,210,4,3,1973,2020
320000,Mid-terrace house,104,1,1,1979,2020
322000,Mid-terrace house,191,3,2,1978,2012
325000,Farmhouse,126.1,3,2,1971,1988
325000,Duplex,293,7,4,1995,1995
325000,Duplex,273,6,3,1937,2014
325000,Duplex,270,6,3,1962,2014
325000,Mid-terrace house,170,5,2,1956,2019
328000,Mid-terrace house,168,2,1,1926,2000
329000,Corner house,217,4,2,1900,1990
329000,Multiple dwelling,120,3,1,1997,2000
329000,Corner house,70,2,1,1952,2005
329000,Mid-terrace house,177,3,1,1960,2006
329000,Single dwelling,114,3,1,1963,2006
329000,Mid-terrace house,130,4,2,1780,2007
329000,Mid-terrace house,200,3,3,1985,2009
329000,Farmhouse,110,3,1,1984,2012
329000,Mid-terrace house,125,4,1,1963,2012
329000,Mid-terrace house,177.28,4,2,1994,2014
329000,Mid-terrace house,155.67,4,2,1962,2014
329000,Single dwelling,175,3,1,1998,2015
329000,Duplex,265,8,3,1977,2015
329000,Mid-terrace house,145,3,2,1962,2015
329000,Farmhouse,139,6,1,1999,2018
329000,Mid-terrace house,120,3,2,1969,2018
329000,Residential property,115,3,2,1933,2019
329000,Farmhouse,90,2,2,1907,2019
329000,Mid-terrace house,220,4,3,1905,2020
329500,Mid-terrace house,90,2,1,1992,2010
330000,Residential property,165,4,2,1965,1985
330000,Duplex,325,6,3,1900,1990
330000,Corner house,190,6,2,1960,1992
330000,Mid-terrace house,135,3,2,1880,2001
330000,Multiple dwelling,131.21,4,1,1982,2013
330000,Corner house,166,4,2,1780,2016
330000,Mid-terrace house,152,4,4,1973,2017
330000,Duplex,180,4,3,1907,2017
330000,Duplex,238,5,3,1981,2018
330000,Farmhouse,103,3,1,1935,2019
334800,Mid-terrace house,117,2,1,1939,2015
334800,Mid-terrace house,216.98,5,2,1985,2020
335000,Residential property,230,4,2,1947,1991
335000,Mid-terrace house,142,2,2,1966,2000
335000,Mid-terrace house,130,3,2,1950,2007
335000,Residential property,115,4,1,1999,2010
335000,Special property,200,5,2,1978,2017
335000,Mid-terrace house,127.57,2,2,1997,2019
335000,Mid-terrace house,126,4,2,1968,2020
337890,Multiple dwelling,78.33,3,1,1961,2006
338000,Mid-terrace house,159,3,2,1935,1998
338000,Mid-terrace house,136,5,2,2013,2015
338500,Mid-terrace house,132,2,1,1997,2016
339000,Single dwelling,142,1,1,1998,1999
339000,Mid-terrace house,124.75,3,1,1900,2005
339000,Duplex,241.5,6,3,1972,2012
339000,Residential property,189,4,2,1920,2015
339000,Mid-terrace house,130,3,1,1939,2015
339000,Mid-terrace house,165,5,2,1980,2016
339000,Mid-terrace house,155.05,5,1,1969,2018
339000,Mid-terrace house,200,6,2,1974,2019
339000,Mid-terrace house,180,4,2,1997,2019
339900,Residential property,272,5,3,1961,2013
340000,Mid-terrace house,173,6,2,1950,1982
340000,Special property,264,6,2,1974,1995
340000,Bungalow,189,3,2,1996,1996
340000,Mid-terrace house,150,6,1,1929,1998
340000,Duplex,860,19,10,1910,2003
340000,Mid-terrace house,147,6,2,1935,2005
340000,Mid-terrace house,60.96,1,1,1750,2010
340000,Mid-terrace house,280,4,1,1960,2017
340000,Duplex,210,6,4,1955,2018
340000,Single dwelling,184,3,2,1995,2019
344000,Mid-terrace house,130,3,1,1994,2014
345000,Duplex,382,8,3,1988,1990
345000,Mid-terrace house,80,2,2,1974,2013
345000,Duplex,198,5,2,1987,2014
347000,Farmhouse,100,3,1,1962,2019
348000,Single dwelling,106,4,1,1928,2000
348000,Special property,132,4,2,1976,2007
348000,Mid-terrace house,238.46,4,2,1959,2014
349000,Mid-terrace house,145.89,4,2,1928,1977
349000,Multiple dwelling,245,4,3,1860,1985
349000,Mid-terrace house,246,3,2,1992,1992
349000,Single dwelling,198,4,2,1784,1995
349000,Duplex,566,12,7,1955,1999
349000,Duplex,399,10,6,1937,2000
349000,Duplex,404,8,6,1900,2000
349000,Mid-terrace house,171,6,2,1973,2000
349000,Mid-terrace house,109,4,2,1979,2003
349000,Residential property,134,3,1,1931,2004
349000,Residential property,240,3,2,1961,2006
349000,Multiple dwelling,250,3,2,1999,2010
349000,Single dwelling,183,4,2,1996,2010
349000,Mid-terrace house,204,2,3,2004,2013
349000,Duplex,270,7,4,1720,2014
349000,Mid-terrace house,158.82,1,3,1928,2016
349000,Multiple dwelling,130,5,1,1960,2016
349000,Mid-terrace house,200,3,2,1983,2016
349000,Farmhouse,135,4,2,1964,2016
349000,Residential property,275,10,3,1900,2017
349000,Farmhouse,104,3,1,1980,2017
349000,Mid-terrace house,91,1,2,1900,2017
349000,Multiple dwelling,179.05,4,2,1961,2017
349000,Residential property,381,5,3,1811,2018
349000,Mid-terrace house,300,2,2,1900,2018
349000,Farmhouse,263.9,9,3,1967,2019
349000,Special property,132.42,4,2,1968,2019
349000,Mid-terrace house,124,3,1,1903,2019
349500,Mid-terrace house,200,6,3,2015,2015
349900,Special property,110,3,1,1992,2006
349900,Farmhouse,140,3,1,1998,2019
349990,Mid-terrace house,106,2,1,1927,2003
349999,Duplex,280,4,3,1990,2017
350000,Single dwelling,95,3,1,1938,1988
350000,Single dwelling,168,2,3,1930,2000
350000,Corner house,357,7,4,1990,2000
350000,Duplex,191.09,4,1,1858,2002
350000,Mid-terrace house,160,4,2,1967,2006
350000,Mid-terrace house,212.45,4,2,1974,2011
350000,Mid-terrace house,150,3,2,1975,2012
350000,Mid-terrace house,110,2,1,1900,2013
350000,Mid-terrace house,145,4,2,1982,2015
350000,Duplex,255,9,3,1914,2016
350000,Multiple dwelling,114,3,1,1997,2016
350000,Special property,69.74,1,1,1962,2017
350000,Mid-terrace house,120,1,1,1964,2019
350000,Duplex,395.57,11,6,1978,2019
350000,Single dwelling,106,1,2,1973,2020
351000,Duplex,207,4,4,1726,2018
354000,Mid-terrace house,202,4,3,1920,2011
354650,Duplex,257,4,4,1868,2019
355000,Duplex,270,9,3,1900,2013
355000,Mid-terrace house,215,5,3,1976,2016
355000,Single dwelling,140,3,1,1985,2017
356500,Farmhouse,253,4,2,1910,2017
359000,Corner house,140,3,1,1960,1985
359000,Duplex,460,6,6,1927,1998
359000,Duplex,490,9,9,1959,2002
359000,Mid-terrace house,151,3,2,1976,2006
359000,Multiple dwelling,98,3,1,1964,2009
359000,Special property,116,3,1,1979,2009
359000,Residential property,156,4,1,1802,2013
359000,Duplex,199,4,2,1778,2013
359000,Mid-terrace house,214,6,3,1997,2014
359000,Special property,115,3,2,1973,2017
359000,Mid-terrace house,83,2,1,1895,2019
360000,Single dwelling,120,3,2,2007,2007
360000,Mid-terrace house,191,3,1,1966,2010
360000,Mid-terrace house,90,2,1,1920,2014
360000,Multiple dwelling,115,5,2,1972,2014
360000,Special property,86,2,1,1977,2015
360000,Mid-terrace house,125,3,1,1995,2018
360000,Duplex,300,5,4,1951,2018
360000,Duplex,300,5,4,1951,2018
360000,Single dwelling,184,3,2,1995,2019
360000,Duplex,227.5,7,2,1962,2019
360000,Mid-terrace house,227.5,7,2,1962,2019
361000,Special property,130,1,1,1973,2013
362000,Mid-terrace house,172,4,2,1994,1994
364000,Duplex,227,4,4,1809,2015
364000,Duplex,227,4,4,1809,2015
365000,Single dwelling,137,2,1,1996,1996
365000,Single dwelling,140,4,1,1960,2000
365000,Mid-terrace house,188,3,1,1960,2010
365000,Mid-terrace house,170,5,2,1935,2016
368000,Special property,230,4,2,1967,2018
369000,Duplex,156,4,4,1983,2007
369000,Residential property,239,4,4,1971,2012
369000,Duplex,350,6,4,1975,2018
369000,Duplex,180,5,3,1950,2018
369000,Farmhouse,107,2,1,1903,2018
369000,Farmhouse,95,3,1,1964,2018
369000,Farmhouse,170,3,1,1950,2019
369000,Farmhouse,148.59,5,3,1953,2019
369500,Single dwelling,145,4,1,1974,2016
369500,Mid-terrace house,109.78,3,1,2001,2020
370000,Mid-terrace house,130,4,1,1980,2001
370000,Farmhouse,116,5,1,1925,2001
370000,Single dwelling,80,3,1,1932,2012
370000,Corner house,200,5,1,1914,2012
370000,Duplex,218,6,2,1994,2013
370000,Single dwelling,116,4,2,1993,2014
370000,Mid-terrace house,220,5,2,1992,2016
370000,Duplex,238,6,2,1993,2019
375000,Multiple dwelling,116,3,1,1999,1999
375000,Duplex,220,6,2,2004,2004
375000,Special property,130,3,1,1968,2005
375000,Duplex,220,6,2,1927,2008
375000,Single dwelling,125,3,2,1999,2010
375000,Single dwelling,82,2,1,1938,2012
375000,Mid-terrace house,230,4,3,1979,2015
375000,Mid-terrace house,175,3,2,1935,2016
375000,Special property,230,4,3,1964,2016
375000,Mid-terrace house,115,4,2,1979,2017
375000,Multiple dwelling,119.44,6,1,1963,2017
375000,Multiple dwelling,120,3,1,1999,2017
375000,Single dwelling,121.2,3,1,1993,2018
375000,Mid-terrace house,104,1,2,2001,2019
375900,Mid-terrace house,270,5,3,1965,2016
378000,Duplex,415.44,5,5,1913,1993
378000,Duplex,270,6,3,2002,2010
378000,Duplex,175,4,2,1964,2018
379000,Mid-terrace house,145,5,1,2012,2000
379000,Mid-terrace house,150,5,2,1980,2002
379000,Mid-terrace house,203,5,2,1970,2009
379000,Duplex,336.03,6,3,1963,2010
379000,Single dwelling,72,2,1,1963,2015
379000,Single dwelling,143,4,1,1990,2018
379000,Mid-terrace house,255,4,2,1992,2019
380000,Residential property,510,12,7,1993,1993
380000,Mid-terrace house,223,6,2,1921,2001
380000,Duplex,186.01,4,2,1900,2005
380000,Duplex,240,6,2,1954,2007
380000,Duplex,339,7,5,1986,2007
380000,Single dwelling,101,3,1,1947,2007
380000,Duplex,150,2,3,1972,2008
380000,Duplex,500,14,6,1900,2009
380000,Mid-terrace house,150,3,1,1998,2010
380000,Single dwelling,126.75,3,1,1967,2010
380000,Mid-terrace house,113,2,2,1911,2011
380000,Mid-terrace house,74,2,1,1954,2015
380000,Duplex,183,5,3,1972,2016
380000,Duplex,212,6,3,1962,2018
382000,Mid-terrace house,152.07,5,2,2000,2000
382000,Single dwelling,192.7,5,2,1969,2018
385000,Mid-terrace house,135,2,1,1963,1999
385000,Duplex,220,6,4,1931,2002
385000,Mid-terrace house,325,5,1,1965,2004
385000,Mid-terrace house,120,3,2,1964,2013
385000,Farmhouse,178,2,2,1979,2016
385000,Mid-terrace house,110,2,2,1974,2016
385000,Mid-terrace house,130,4,2,1905,2018
385000,Mid-terrace house,163,4,2,1930,2019
385000,Special property,150,3,2,1976,2019
385000,Single dwelling,135,3,2,2008,2020
386000,Duplex,864,7,6,1974,1997
387000,Mid-terrace house,155,7,3,1940,2015
388000,Duplex,270,7,3,1933,1994
388000,Mid-terrace house,60,2,1,1955,2015
389000,Residential property,110,3,2,1850,2002
389000,Villa,240,8,3,1905,2008
389000,Mid-terrace house,222.5,2,2,2009,2009
389000,Duplex,240,5,2,1915,2019
389000,Special property,156,3,1,1972,2019
389000,Farmhouse,151,2,1,2000,2019
390000,Duplex,411.47,11,2,1750,1960
390000,Mid-terrace house,141,3,2,1850,1996
390000,Duplex,178,5,2,1906,2010
390000,Duplex,250,6,4,2008,2010
390000,Corner house,280,4,3,1781,2010
390000,Mid-terrace house,168.5,3,3,1965,2017
390000,Mid-terrace house,146,3,2,2012,2018
390000,Mid-terrace house,120,2,1,1974,2018
390000,Duplex,253,4,3,1920,2020
392000,Bungalow,210,2,2,1930,1992
395000,Duplex,288,5,3,1920,1990
395000,Mid-terrace house,134,3,1,1955,1995
395000,Bungalow,175,4,1,1976,2000
395000,Mid-terrace house,250,4,2,2002,2002
395000,Duplex,206,5,3,1964,2006
395000,Duplex,319.19,6,3,1972,2006
395000,Residential property,350,4,2,1873,2009
395000,Mid-terrace house,188,4,1,1965,2010
395000,Bungalow,213,4,2,1979,2012
395000,Mid-terrace house,180,4,2,1959,2013
395000,Mid-terrace house,179,4,2,1957,2015
395000,Mid-terrace house,159,6,4,1890,2015
395000,Mid-terrace house,200,6,3,1954,2015
395000,Farmhouse,137.53,5,2,1978,2017
395000,Mid-terrace house,263,5,1,1976,2018
395000,Mid-terrace house,125,2,2,1934,2020
395000,Farmhouse,126.96,3,2,1989,2020
395500,Bungalow,340,5,2,1910,2008
397000,Mid-terrace house,156,4,1,1890,2013
398000,Mid-terrace house,204,4,2,1983,1984
398000,Mid-terrace house,120,4,1,1945,1995
398000,Mid-terrace house,156,3,2,2000,2004
398000,Mid-terrace house,185,4,2,1970,2004
398000,Mid-terrace house,128,4,1,1972,2007
398000,Villa,402,3,3,1898,2009
398000,Mid-terrace house,320,4,3,1967,2012
398000,Mid-terrace house,207,5,2,1958,2014
398000,Mid-terrace house,230,3,3,2017,2019
398000,Mid-terrace house,150,3,1,1967,2019
398010,Duplex,340,3,3,1984,2000
398700,Mid-terrace house,142.62,3,2,1997,2018
399000,Mid-terrace house,160,4,2,1972,1998
399000,Corner house,500,12,6,1880,2000
399000,Duplex,775.52,21,15,1970,2000
399000,Duplex,165.93,3,2,1900,2002
399000,Duplex,302,12,2,1970,2005
399000,Duplex,230,5,3,1967,2006
399000,Duplex,358.51,9,9,1951,2007
399000,Residential property,170,7,2,1980,2009
399000,Mid-terrace house,210,3,1,1850,2010
399000,Duplex,145,3,2,1981,2011
399000,Single dwelling,169,4,2,1929,2012
399000,Single dwelling,104,4,1,1954,2012
399000,Mid-terrace house,153,4,2,1963,2014
399000,Special property,95,3,1,1900,2014
399000,Mid-terrace house,120,3,1,1958,2015
399000,Mid-terrace house,230,3,2,1960,2015
399000,Mid-terrace house,165,3,2,1957,2015
399000,Residential property,310,4,3,1912,2016
399000,Single dwelling,165,2,2,1961,2017
399000,Duplex,401.16,7,3,1950,2017
399000,Mid-terrace house,160,5,2,1953,2017
399000,Corner house,356,5,5,1995,2017
399000,Duplex,243,5,3,1968,2018
399000,Duplex,130,2,3,1893,2019
399000,Duplex,224,4,4,1997,2019
399000,Mid-terrace house,130,4,1,1976,2019
399000,Mid-terrace house,99,3,1,1956,2019
399000,Multiple dwelling,113.1,3,2,1971,2020
399000,Single dwelling,102,2,2,1955,2020
399500,Duplex,360,7,7,1920,2019
400000,Duplex,308,9,5,1920,2014
400000,Mid-terrace house,250,4,2,1974,2016
400000,Mid-terrace house,346,7,4,1994,2017
400000,Single dwelling,126,3,2,1981,2018
400000,Mid-terrace house,146,3,2,2013,2019
405000,Duplex,240,7,3,1900,1997
405000,Mid-terrace house,170,4,1,1970,2003
405000,Multiple dwelling,118.75,3,1,1963,2014
407000,Duplex,326,4,3,2000,2017
409000,Single dwelling,84,2,1,1957,2010
409000,Mid-terrace house,153.8,3,2,1888,2020
410000,Mid-terrace house,274,8,6,2003,2003
410000,Special property,165,4,3,1962,2006
410000,Duplex,197,3,3,1920,2010
410000,Residential property,200,4,1,1981,2015
410000,Mid-terrace house,163.22,3,2,1986,2016
410000,Duplex,305,6,6,1900,2019
415000,Single dwelling,167,4,2,1981,1997
415000,Mid-terrace house,187.89,4,2,1974,1999
415000,Duplex,307.55,5,5,2001,2001
415000,Mid-terrace house,148,3,2,1970,2010
415000,Single dwelling,160,3,2,1970,2010
415000,Mid-terrace house,180,7,2,1928,2013
415000,Duplex,240,3,3,1983,2015
415000,Mid-terrace house,340,3,2,1911,2018
415000,Farmhouse,130,3,1,2000,2020
416000,Mid-terrace house,174.58,6,3,1993,2018
418000,Mid-terrace house,160,3,2,1978,2007
418000,Mid-terrace house,112,2,1,1967,2010
419000,Mid-terrace house,249,6,2,1977,2003
419000,Mid-terrace house,430,3,2,1935,2012
419000,Mid-terrace house,160,5,2,1964,2019
420000,Single dwelling,225,6,2,1970,1984
420000,Single dwelling,125,3,2,1920,2006
420000,Mid-terrace house,185,2,2,2000,2014
420000,Duplex,300,5,3,1837,2015
420000,Mid-terrace house,205,3,3,1972,2015
420000,Mid-terrace house,230,4,3,1968,2018
420000,Mid-terrace house,230,4,3,1968,2018
420000,Mid-terrace house,230,4,3,1968,2018
420000,Mid-terrace house,230,4,3,1968,2018
420000,Mid-terrace house,230,4,3,1968,2018
420000,Mid-terrace house,200,4,2,1975,2018
420000,Mid-terrace house,151,4,2,1975,2020
423000,Farmhouse,143,4,1,1975,2019
425000,Mid-terrace house,149,4,2,1909,1983
425000,Mid-terrace house,102,3,1,1967,2015
425000,Special property,112,3,1,1977,2015
425000,Special property,149.03,3,2,1972,2017
425000,Multiple dwelling,225.32,6,3,1951,2020
426000,Mid-terrace house,230,5,2,1930,2017
428000,Single dwelling,128,3,1,1957,2000
428000,Mid-terrace house,207,4,3,1987,2003
429000,Mid-terrace house,221,3,3,1990,1990
429000,Mid-terrace house,260,5,2,1975,2003
429000,Mid-terrace house,150,3,2,1840,2004
429000,Duplex,170,5,2,1960,2005
429000,Mid-terrace house,151,3,1,1990,2006
429000,Mid-terrace house,150,4,1,1974,2016
429000,Mid-terrace house,162,1,2,2000,2016
429000,Mid-terrace house,172,4,2,1974,2017
429000,Mid-terrace house,141,4,2,1969,2018
429000,Duplex,245,7,4,1968,2019
429000,Duplex,374,7,3,1962,2019
429000,Mid-terrace house,142.52,4,2,1998,2020
429500,Mid-terrace house,154,5,2,1956,2016
430000,Special property,150,2,2,2018,2018
430000,Multiple dwelling,220,4,2,1955,2020
434000,Single dwelling,180,4,1,1996,2020
435000,Duplex,381.62,5,4,1981,2000
435000,Residential property,143,4,2,1936,2001
435000,Mid-terrace house,156,3,2,1969,2010
435000,Farmhouse,145,3,2,1995,2018
438000,Single dwelling,110,3,1,1990,2019
439000,Mid-terrace house,200,6,3,1991,2004
439000,Mid-terrace house,155,3,2,1939,2011
439000,Single dwelling,127,4,2,1992,2014
439000,Mid-terrace house,131,4,3,1991,2018
439000,Duplex,273,5,3,2012,2019
439000,Mid-terrace house,120,4,3,2006,2019
440000,Farmhouse,160,5,2,1994,2012
440000,Mid-terrace house,244.5,4,2,1981,2013
440000,Duplex,351.9,6,4,1970,2017
440000,Mid-terrace house,213,3,2,1982,2017
440000,Bungalow,412,12,10,1996,2017
440000,Single dwelling,124.65,4,2,1991,2019
445000,Duplex,294,8,3,1945,2011
445000,Single dwelling,130,4,1,1980,2015
445000,Farmhouse,111,3,1,1997,2018
445000,Farmhouse,150,5,2,1982,2018
448000,Bungalow,410,10,6,1904,2006
448000,Mid-terrace house,165,4,2,1959,2012
449000,Duplex,190,6,2,1956,1988
449000,Mid-terrace house,165,3,1,1947,1996
449000,Mid-terrace house,137.83,3,1,1969,1998
449000,Mid-terrace house,76,1,1,1962,2000
449000,Duplex,280,5,3,1957,2000
449000,Mid-terrace house,165,4,2,1997,2010
449000,Mid-terrace house,126,4,2,1980,2010
449000,Duplex,300,9,3,2001,2010
449000,Mid-terrace house,280,8,3,2013,2010
449000,Single dwelling,126,3,2,1935,2010
449000,Mid-terrace house,136.6,4,1,1918,2013
449000,Mid-terrace house,220,7,2,1993,2015
449000,Mid-terrace house,250,5,4,1994,2015
449000,Farmhouse,240,6,3,1916,2016
449000,Mid-terrace house,102,4,1,1955,2018
449000,Duplex,340,3,3,1900,2018
449000,Mid-terrace house,108.86,5,2,1965,2018
449000,Mid-terrace house,165,2,4,2013,2019
449000,Mid-terrace house,176,5,2,1972,2019
449000,Mid-terrace house,141.29,5,2,2007,2020
449500,Special property,165,3,1,1973,2018
449500,Single dwelling,135,2,2,1975,2019
450000,Duplex,283,5,3,1900,1990
450000,Residential property,420,16,5,1950,1996
450000,Mid-terrace house,193.19,3,3,1959,1999
450000,Special property,155,2,2,1952,2002
450000,Duplex,175,4,2,1966,2004
450000,Multiple dwelling,109,1,1,1962,2005
450000,Farmhouse,136,4,2,2014,2014
450000,Duplex,240,5,2,1900,2015
450000,Mid-terrace house,185,3,2,1900,2015
450000,Mid-terrace house,92,3,1,1974,2015
450000,Mid-terrace house,250,4,2,2017,2017
450000,Duplex,286,9,6,1929,2017
450000,Mid-terrace house,148.41,3,1,1983,2017
450000,Mid-terrace house,244,9,4,1972,2020
452000,Mid-terrace house,135,3,3,1968,2018
455000,Duplex,220,6,3,1952,2001
455000,Mid-terrace house,218,5,3,1973,2011
455000,Mid-terrace house,225,4,2,1959,2016
455000,Duplex,263,8,5,2004,2019
455000,Single dwelling,235,6,3,1900,2019
457000,Mid-terrace house,164,2,2,1935,2018
457000,Mid-terrace house,164,2,2,1935,2018
457000,Mid-terrace house,164,2,2,1935,2018
457000,Mid-terrace house,164,2,2,1935,2018
459000,Mid-terrace house,152,3,4,1876,1986
459000,Mid-terrace house,123,3,2,1952,1986
459000,Mid-terrace house,240,4,3,1985,2016
459000,Farmhouse,128.41,2,2,1900,2017
459000,Farmhouse,136,3,1,2018,2018
459000,Duplex,166,4,2,1997,2018
459900,Single dwelling,149,3,2,1987,2014
460000,Special property,97,2,1,1962,1998
460000,Residential property,300,3,2,1902,2007
460000,Mid-terrace house,240,6,3,1902,2010
460000,Mid-terrace house,141.3,3,1,1850,2014
464900,Mid-terrace house,190,3,2,1978,2007
465000,Mid-terrace house,123.25,4,2,1960,2000
465000,Mid-terrace house,149,4,2,1938,2014
465000,Mid-terrace house,149,4,2,1938,2014
465000,Mid-terrace house,149,4,2,1938,2014
465000,Mid-terrace house,149,4,2,1938,2014
465000,Mid-terrace house,149,4,2,1938,2014
465000,Duplex,280,3,3,1920,2014
465000,Mid-terrace house,140,4,3,1989,2015
465000,Single dwelling,105,1,2,1994,2017
465000,Single dwelling,105,3,3,1921,2017
465000,Single dwelling,110,4,1,1900,2018
465000,Mid-terrace house,260,5,2,1979,2019
468000,Duplex,200,5,3,1964,2018
469000,Mid-terrace house,219,4,2,1902,1999
469000,Duplex,240.01,4,2,1958,2006
469000,Duplex,192,3,3,1885,2010
469000,Mid-terrace house,135,3,1,1976,2015
469000,Duplex,210,5,2,1939,2017
469000,Mid-terrace house,160,1,2,1998,2018
469000,Duplex,240,7,4,1916,2018
469000,Mid-terrace house,171,4,2,2009,2019
469000,Multiple dwelling,115,2,1,1968,2019
469000,Multiple dwelling,115,2,1,1968,2019
469000,Single dwelling,234,4,3,1970,2020
470000,Mid-terrace house,110,3,1,1977,2010
470000,Duplex,470,5,3,1962,2018
475000,Mid-terrace house,142,5,2,1957,1984
475000,Mid-terrace house,190,4,1,2013,2013
475000,Mid-terrace house,192,3,2,1959,2017
475000,Single dwelling,256,7,4,1955,2019
475000,Farmhouse,175,3,1,1992,2019
479000,Residential property,150,2,2,2005,2005
479000,Mid-terrace house,104,1,1,2015,2015
479000,Special property,195,5,1,1970,2016
479000,Duplex,180,4,2,1949,2017
479000,Duplex,180,4,2,1949,2017
479000,Farmhouse,120,3,1,1970,2018
479000,Farmhouse,285,5,3,1986,2019
479000,Mid-terrace house,240,6,3,1986,2019
479000,Single dwelling,100,3,1,1969,2020
479990,Mid-terrace house,190,4,2,1974,2020
480000,Multiple dwelling,120,3,2,1968,1992
480000,Villa,450,9,4,1955,2000
480000,Mid-terrace house,180,2,2,1965,2010
480000,Mid-terrace house,228,6,2,2002,2016
480000,Duplex,197.87,5,3,1962,2016
480000,Duplex,250,6,3,1978,2018
480000,Mid-terrace house,140,3,2,1907,2019
485000,Mid-terrace house,145,4,2,1924,1990
485000,Mid-terrace house,100,3,1,1966,2010
485000,Corner house,180,6,3,1940,2011
485000,Single dwelling,160,3,2,1960,2017
485000,Mid-terrace house,230,3,2,1994,2018
485000,Single dwelling,120,3,2,1969,2019
487000,Mid-terrace house,190,2,2,1991,2000
488000,Duplex,270,8,2,1976,2004
488000,Duplex,250,3,3,1949,2014
488900,Duplex,560,8,9,1900,2016
489000,Mid-terrace house,150,3,1,1965,1965
489000,Mid-terrace house,210,4,2,1960,2011
489000,Single dwelling,261.42,4,3,1959,2014
489000,Duplex,382.42,5,5,1997,2016
489000,Mid-terrace house,373,6,3,1991,2016
490000,Special property,160,4,2,1974,1997
490000,Bungalow,1100,6,3,1968,2007
490000,Mid-terrace house,138.85,3,2,1963,2007
490000,Mid-terrace house,321,6,2,1932,2013
490000,Duplex,196,4,2,2000,2017
490000,Mid-terrace house,112,1,1,2000,2020
495000,Special property,143,3,2,1978,1996
495000,Mid-terrace house,160,4,1,1970,2000
495000,Duplex,250,6,3,1983,2014
495000,Mid-terrace house,220,4,2,1971,2015
495000,Mid-terrace house,125,3,1,1926,2016
495000,Duplex,226,4,2,1974,2016
495000,Duplex,295.91,5,2,1957,2017
495000,Mid-terrace house,211,5,2,1985,2017
495000,Mid-terrace house,218,4,4,1984,2018
495000,Mid-terrace house,142,3,2,2000,2020
497000,Villa,272,2,2,1999,2018
497000,Villa,272,2,2,1999,2018
498000,Corner house,150,3,1,1965,1965
498000,Duplex,234,5,4,1982,2014
498750,Bungalow,219,3,2,1994,2017
499000,Mid-terrace house,142.97,4,2,1960,1993
499000,Mid-terrace house,411.91,8,4,1910,1997
499000,Mid-terrace house,140,2,1,1964,2005
499000,Mid-terrace house,490,8,3,1960,2009
499000,Mid-terrace house,109.55,4,2,1968,2009
499000,Villa,265,9,3,1892,2010
499000,Duplex,287,4,3,1983,2012
499000,Special property,230,3,1,1968,2015
499000,Duplex,265,7,3,1959,2015
499000,Duplex,276,4,4,1968,2015
499000,Single dwelling,227.1,5,2,1974,2015
499000,Duplex,266,3,3,1982,2017
499000,Mid-terrace house,240,3,1,1982,2018
499000,Mid-terrace house,180,3,1,1989,2018
499000,Duplex,338.33,6,3,1930,2018
499000,Special property,134,2,2,1975,2019
499000,Special property,134,2,2,1975,2019
499000,Residential property,205.2,3,2,1971,2019
499000,Mid-terrace house,115,3,2,1953,2019
499000,Villa,261,4,2,2004,2020
499000,Bungalow,300,9,4,1980,2020
499500,Farmhouse,89,2,2,1962,2015
499900,Bungalow,267,5,4,1959,2017
499999,Special property,320,5,3,1971,2010
500000,Single dwelling,80,2,1,1961,2000
500000,Farmhouse,150,3,1,1925,2010
500000,Farmhouse,168.23,3,1,1964,2016
501000,Duplex,570,8,6,1878,2014
509500,Mid-terrace house,164.99,4,3,1954,2010
510000,Duplex,151.73,6,2,1905,2012
515000,Duplex,267,6,5,1962,2013
519000,Multiple dwelling,143.07,4,3,2001,2018
519000,Single dwelling,173,4,2,1933,2019
520000,Duplex,300,3,3,1940,1999
520000,Duplex,280,8,5,1870,2008
520000,Multiple dwelling,135.22,4,1,1987,2016
520000,Single dwelling,105,3,1,1991,2019
520000,Duplex,450,10,7,1964,2020
525000,Mid-terrace house,230,5,3,1963,1992
525000,Duplex,213,7,3,1931,1994
525000,Duplex,175,3,3,1900,2007
525000,Mid-terrace house,151,4,2,1901,2010
525000,Duplex,247,5,2,1961,2010
525000,Mid-terrace house,225,5,1,1720,2010
525000,Multiple dwelling,122.5,4,2,1977,2012
525000,Multiple dwelling,172,3,3,1974,2014
525000,Duplex,200,7,2,1946,2015
525000,Special property,225,2,2,2010,2015
525000,Mid-terrace house,271.17,3,2,1987,2015
525000,Mid-terrace house,135,4,1,1996,2016
528000,Bungalow,200,8,3,1983,2015
529000,Bungalow,309,6,3,1933,1977
529000,Single dwelling,80,2,2,1936,2000
529000,Duplex,157,4,3,1998,2015
529000,Special property,148,3,2,1995,2015
529000,Duplex,250,6,2,1981,2018
530000,Mid-terrace house,260,4,2,1980,2008
530000,Mid-terrace house,250,4,2,2003,2009
530000,Bungalow,206,3,2,1900,2014
535000,Mid-terrace house,161,6,2,1938,1978
535000,Duplex,170,2,2,1914,2008
537000,Villa,225,6,2,1903,2016
539000,Duplex,305,9,6,1992,1997
539000,Duplex,445,5,4,1981,2015
539000,Multiple dwelling,140,5,2,1970,2016
540000,Duplex,211,5,3,1928,1995
540000,Single dwelling,160.91,3,2,2006,2006
540000,Single dwelling,174,5,3,1700,2008
540000,Farmhouse,100,3,1,1962,2009
540000,Multiple dwelling,182.82,4,1,1968,2017
545000,Mid-terrace house,175,6,2,1930,2012
545000,Mid-terrace house,190,3,2,1985,2014
545000,Duplex,191,6,2,1970,2019
548000,Special property,185,4,3,1973,2015
549000,Corner house,200,2,1,1997,2003
549000,Mid-terrace house,180,2,1,1997,2003
549000,Mid-terrace house,110,4,2,1960,2005
549000,Multiple dwelling,74.01,1,1,1946,2010
549000,Mid-terrace house,97,2,1,1929,2010
549000,Duplex,370,8,4,1970,2014
549000,Farmhouse,226,4,2,1999,2015
549000,Residential property,323,8,2,1910,2017
549000,Duplex,213,6,3,2018,2018
549000,Duplex,212,5,3,1960,2018
549000,Mid-terrace house,212,5,3,1960,2018
549000,Multiple dwelling,193,7,3,1979,2019
549000,Mid-terrace house,120,4,2,1994,2020
550000,Residential property,245,6,3,1947,1947
550000,Single dwelling,555,16,4,1904,1990
550000,Mid-terrace house,160,3,2,1923,1999
550000,Duplex,160,4,2,1900,2000
550000,Duplex,420,10,4,1920,2010
550000,Mid-terrace house,122,3,1,1956,2011
550000,Mid-terrace house,170,4,2,1993,2016
552500,Mid-terrace house,200,5,2,1981,2015
555000,Mid-terrace house,174,6,2,1974,1998
556000,Mid-terrace house,166.5,6,2,1920,2010
559000,Farmhouse,110.02,3,1,1968,2018
559000,Mid-terrace house,148,4,2,2000,2019
560000,Single dwelling,230,5,3,1982,2014
560000,Mid-terrace house,150,3,1,1962,2019
560000,Mid-terrace house,205,5,2,1975,2019
560000,Duplex,170,4,2,1937,2020
563000,Multiple dwelling,122,3,1,1999,1999
565000,Mid-terrace house,120,2,1,1935,2000
565000,Duplex,319,13,9,1932,2015
565000,Mid-terrace house,117.45,4,1,1937,2016
565000,Duplex,143,6,4,1896,2016
565000,Duplex,200,4,2,1976,2018
567000,Duplex,210,4,3,1965,2018
568420,Duplex,410,6,6,1948,2020
569000,Farmhouse,129.29,3,2,1977,2000
569000,Duplex,194,7,4,2001,2001
569000,Mid-terrace house,245,5,3,1958,2018
570000,Residential property,144,3,2,1978,2000
574250,Mid-terrace house,178,3,3,1930,2000
575000,Duplex,180,5,2,1994,2017
575000,Mid-terrace house,220,5,2,1948,2018
578000,Single dwelling,114,4,1,2000,2017
579000,Villa,360,4,3,1956,2011
579000,Mid-terrace house,256,5,2,1973,2018
579000,Mid-terrace house,194,4,2,1975,2018
579000,Duplex,249.69,8,5,1955,2018
579000,Residential property,209,4,3,1950,2019
579600,Mid-terrace house,225.22,4,3,1930,2014
580000,Duplex,950,10,6,1966,2005
580000,Multiple dwelling,114,4,1,1963,2013
585000,Duplex,167,6,3,1984,1984
585000,Duplex,278.78,8,3,1997,1997
585000,Residential property,160,5,2,1980,2019
589000,Mid-terrace house,168,4,2,1979,2012
589000,Mid-terrace house,220,4,1,1980,2014
589000,Duplex,277,9,4,1964,2018
589000,Multiple dwelling,151,4,2,1996,2019
590000,Bungalow,256,5,4,2000,2000
590000,Mid-terrace house,130,2,1,1953,2010
590000,Mid-terrace house,200,4,2,1981,2011
590000,Mid-terrace house,130,4,2,1980,2018
593000,Single dwelling,150,4,1,1992,2013
594000,Mid-terrace house,202.37,3,1,1973,2016
595000,Mid-terrace house,250,6,3,1958,1990
595000,Mid-terrace house,280,4,4,1972,1997
595000,Mid-terrace house,173,4,2,2000,2000
595000,Mid-terrace house,230.01,5,2,1980,2007
595000,Bungalow,132.58,4,1,2002,2011
595000,Mid-terrace house,110,2,2,1959,2014
595000,Special property,133.01,3,2,1972,2015
595000,Duplex,315,6,2,1900,2015
595000,Mid-terrace house,210,5,2,1956,2017
595000,Mid-terrace house,180,4,2,1950,2019
595000,Duplex,441.08,10,4,1995,2020
595000,Single dwelling,200,3,3,1953,2020
598000,Mid-terrace house,301,2,4,1995,1995
598000,Mid-terrace house,263,7,2,1969,2001
598000,Single dwelling,170,2,2,1998,2008
598000,Single dwelling,100,4,1,1993,2017
598000,Single dwelling,100,4,1,1993,2017
598000,Single dwelling,100,4,1,1993,2017
598000,Residential property,192,5,1,1975,2018
598000,Duplex,412,8,6,1954,2019
599000,Corner house,163.2,4,1,1929,1980
599000,Mid-terrace house,210,6,2,1855,1985
599000,Single dwelling,173,3,1,1965,2010
599000,Bungalow,150,6,3,1964,2012
599000,Farmhouse,202,4,2,1978,2013
599000,Mid-terrace house,213,2,2,1975,2015
599000,Duplex,260,6,6,1960,2015
599000,Mid-terrace house,197,3,2,1890,2016
599000,Mid-terrace house,303.97,1,3,2007,2017
599000,Duplex,220,3,3,1910,2017
599000,Farmhouse,165,5,2,1989,2017
599000,Mid-terrace house,235,4,3,1900,2018
599000,Duplex,280,7,4,1880,2018
599000,Duplex,264,6,3,1956,2018
599000,Single dwelling,170,4,3,1928,2019
599000,Multiple dwelling,105.89,3,1,2005,2020
599500,Mid-terrace house,186.27,2,1,2020,2020
600000,Duplex,320,10,5,1905,1995
600000,Duplex,300,10,4,1969,2012
600000,Mid-terrace house,175,5,2,1914,2012
605000,Single dwelling,221,5,2,1985,2008
615000,Duplex,286,4,4,2000,2000
615000,Farmhouse,230,4,2,2004,2020
620000,Mid-terrace house,132,1,2,1966,1980
620000,Duplex,316.16,9,3,1957,2004
620000,Bungalow,600,12,6,1761,2017
620000,Duplex,230,7,4,1950,2018
625000,Villa,250,4,3,1959,1981
625000,Mid-terrace house,218,5,2,1977,2004
625000,Villa,250,4,2,1965,2016
629000,Mid-terrace house,134,4,2,1963,2010
629000,Duplex,200,6,2,1910,2014
629000,Special property,140,2,1,1968,2019
630000,Mid-terrace house,200,4,2,1973,2014
630000,Mid-terrace house,133.19,4,3,1973,2017
630000,Corner house,475,4,3,1890,2019
635000,Mid-terrace house,202,6,3,1986,2019
635262,Duplex,376.33,6,4,1975,2018
639000,Duplex,424,9,4,1900,2000
645000,Duplex,628,6,8,1715,2017
645000,Mid-terrace house,200,5,3,1977,2018
648000,Mid-terrace house,231,4,2,1980,2009
648000,Farmhouse,147,4,2,2000,2015
649000,Farmhouse,86,3,1,1956,1990
649000,Mid-terrace house,210,4,1,2006,2006
649000,Duplex,263,7,4,1932,2006
649000,Mid-terrace house,243,4,3,2013,2013
649000,Mid-terrace house,253,4,3,1951,2015
649000,Single dwelling,152,4,3,1984,2017
649000,Mid-terrace house,250,5,2,1929,2017
649000,Corner house,170,3,1,1956,2018
650000,Multiple dwelling,150,4,1,1960,1990
650000,Duplex,444.46,11,7,1974,2004
650000,Mid-terrace house,214.33,5,3,1978,2004
650000,Mid-terrace house,280,2,2,2005,2005
650000,Special property,190,4,2,1965,2011
650000,Duplex,190,6,3,1981,2012
650000,Mid-terrace house,175,4,2,1930,2012
650000,Mid-terrace house,226.43,3,3,1936,2016
650000,Multiple dwelling,170,3,2,1987,2016
650000,Duplex,213,7,3,1939,2016
650000,Multiple dwelling,235.61,5,2,1977,2019
655000,Mid-terrace house,105.79,2,2,1934,1990
655000,Duplex,234,3,3,1999,2010
658000,Farmhouse,147,4,2,1982,2017
659000,Mid-terrace house,120,3,2,1935,2014
659000,Single dwelling,182,5,2,1961,2015
659000,Mid-terrace house,356.51,2,1,1968,2019
660000,Duplex,218,3,3,1920,2008
660000,Single dwelling,170,4,2,1964,2009
665000,Duplex,549,8,7,1908,2015
665000,Residential property,456,11,5,1950,2016
669000,Mid-terrace house,200,5,2,1968,2001
669000,Mid-terrace house,173,3,2,1938,2019
670000,Duplex,284,5,3,1972,2016
675000,Duplex,300,2,2,1972,1992
675000,Duplex,450,7,5,1992,1994
675000,Duplex,265.76,4,4,1968,2006
675000,Mid-terrace house,140,2,1,1960,2017
675000,Mid-terrace house,140,4,3,1980,2019
678000,Duplex,294,7,4,1960,2012
679000,Duplex,186.3,5,3,1971,2004
679000,Mid-terrace house,490,8,3,1960,2009
679000,Farmhouse,177,3,1,1993,2017
679000,Villa,150,4,2,2001,2018
680000,Duplex,220,3,2,1937,2007
680000,Multiple dwelling,110,3,2,2014,2015
680000,Mid-terrace house,190,6,2,2017,2017
680000,Duplex,156,7,3,1950,2019
685000,Mid-terrace house,165,2,2,1937,2015
685000,Single dwelling,162,3,2,2003,2018
685000,Special property,109.63,3,1,1973,2019
685000,Single dwelling,153.73,4,2,1965,2020
689000,Mid-terrace house,260,5,4,1986,2001
689000,Mid-terrace house,140,3,2,1988,2014
689030,Duplex,150,4,4,1948,2019
690000,Mid-terrace house,210,5,2,1938,2002
690000,Mid-terrace house,226,6,4,1957,2006
690000,Duplex,364,12,6,1910,2009
690000,Multiple dwelling,140,3,2,2008,2011
690000,Duplex,251,6,3,1895,2012
690000,Duplex,268,5,3,1967,2018
690000,Duplex,185,4,3,1974,2018
690000,Duplex,340,7,3,1980,2018
695000,Special property,89.67,3,1,1961,1997
695000,Special property,89.67,3,1,1961,1997
695000,Mid-terrace house,195,6,2,1928,1998
695000,Farmhouse,186,3,2,1966,2000
695000,Bungalow,600,18,13,1978,2005
695000,Mid-terrace house,245,5,1,2011,2011
695000,Duplex,428,6,4,1967,2017
695000,Mid-terrace house,175,3,1,2000,2018
695000,Multiple dwelling,146.74,3,1,2020,2020
698000,Corner house,350,6,2,1931,1992
698000,Special property,250,7,3,1993,2014
698000,Single dwelling,136,4,1,2000,2019
698000,Mid-terrace house,239,1,2,1968,2020
699000,Duplex,390.5,15,10,1900,2012
699000,Duplex,250,6,3,2012,2014
699000,Duplex,228.72,7,3,1972,2014
699000,Multiple dwelling,174,4,2,1968,2015
699000,Farmhouse,113.5,2,1,1986,2015
699000,Villa,400,7,3,2004,2018
699000,Duplex,177,4,2,1961,2019
700000,Duplex,820,9,11,1900,2012
719000,Duplex,219,5,3,1955,2017
719000,Mid-terrace house,219,5,3,1955,2017
720000,Duplex,345,8,4,1896,2016
725000,Mid-terrace house,156,2,2,1972,2012
725000,Duplex,272,4,3,1913,2019
729000,Duplex,294.25,9,5,2004,2004
729000,Mid-terrace house,120,4,1,2006,2004
729000,Villa,250,3,3,2002,2018
730000,Duplex,332,8,3,1979,2016
739000,Duplex,220,3,2,1984,2019
740000,Duplex,392,10,5,1936,1990
740000,Duplex,179,3,3,1900,2006
740000,Duplex,300,7,4,1901,2008
740000,Mid-terrace house,203,6,3,2017,2017
745000,Duplex,150,4,2,1962,2016
748000,Single dwelling,220,6,2,1984,2005
748000,Duplex,196.09,7,3,1968,2013
749000,Duplex,198,4,2,1965,2014
749000,Mid-terrace house,256,4,2,1974,2016
749000,Duplex,525,6,2,1860,2017
749000,Mid-terrace house,154,1,1,1969,2017
749000,Duplex,240,4,3,1934,2017
750000,Mid-terrace house,100,4,1,1950,1986
750000,Bungalow,450,14,3,1955,1998
750000,Duplex,832.38,12,10,1970,2006
750000,Duplex,174,3,2,1928,2007
750000,Duplex,230,4,2,1953,2008
750000,Special property,220,5,1,1973,2010
750000,Mid-terrace house,180,4,1,1964,2011
750000,Mid-terrace house,300,3,2,1982,2011
750000,Mid-terrace house,137.92,4,1,1962,2013
750000,Duplex,256,3,3,1960,2013
750000,Duplex,235,3,3,1975,2015
750000,Mid-terrace house,260,4,2,1986,2016
750000,Mid-terrace house,385,4,3,2000,2018
750000,Mid-terrace house,355,8,5,1928,2018
750000,Duplex,783,19,10,1918,2019
755000,Mid-terrace house,250,7,2,1862,2018
759000,Mid-terrace house,385.23,5,3,1979,2014
759000,Residential property,142,3,1,2013,2019
765000,Mid-terrace house,314,5,3,2015,1998
769000,Mid-terrace house,299.8,4,3,2001,2016
769000,Mid-terrace house,299.8,4,3,2001,2016
770000,Duplex,246,5,4,2019,2000
770000,Duplex,300,6,2,1972,2016
774000,Mid-terrace house,339,5,3,1993,2017
775000,Multiple dwelling,160,4,1,1991,2019
777000,Duplex,270,5,5,2008,2020
779000,Villa,300,3,2,1998,2018
779000,Mid-terrace house,159.3,4,2,1960,2019
780000,Mid-terrace house,100,4,1,1968,2003
780000,Mid-terrace house,215,5,3,1786,2008
780000,Duplex,226,5,3,1966,2012
780000,Villa,340,6,2,1908,2015
780000,Duplex,353,11,4,1915,2018
780000,Duplex,900,15,10,1920,2018
789000,Mid-terrace house,193.42,2,2,1935,2000
789500,Mid-terrace house,258.74,4,2,1986,2018
790000,Mid-terrace house,170,4,2,1961,2013
790000,Duplex,162,4,2,1967,2017
795000,Multiple dwelling,143,4,1,1979,1991
795000,Duplex,219,6,2,1977,2017
795000,Special property,150,3,2,1999,2019
798000,Mid-terrace house,270,4,5,2014,2014
798000,Mid-terrace house,450,13,4,2000,2019
799000,Duplex,245,7,3,1960,1990
799000,Mid-terrace house,205,4,3,1954,1997
799000,Duplex,530,7,3,1994,2000
799000,Mid-terrace house,175,2,3,1997,2013
799000,Duplex,184.62,4,4,1962,2014
799000,Corner house,300,6,5,1854,2015
799000,Residential property,300,6,5,1854,2015
799000,Duplex,265,6,3,1965,2019
799000,Residential property,403,8,4,1911,2019
799900,Duplex,611,20,6,1750,2019
800000,Duplex,310.59,9,3,1910,2005
800000,Mid-terrace house,220,6,3,1937,2007
800000,Duplex,400,8,6,1945,2017
810000,Mid-terrace house,150,3,1,1970,2018
819000,Duplex,80,2,1,1928,1973
820000,Mid-terrace house,325.15,4,2,1978,1995
820000,Mid-terrace house,325.15,4,2,1978,1995
820000,Mid-terrace house,325.15,4,2,1978,1995
820000,Mid-terrace house,325.15,4,2,1978,1995
820000,Mid-terrace house,325.15,4,2,1978,1995
820000,Mid-terrace house,325.15,4,2,1978,1995
820000,Mid-terrace house,325.15,4,2,1978,1995
820000,Duplex,266,7,3,1964,2013
820000,Mid-terrace house,214,5,2,1981,2017
825000,Mid-terrace house,322,4,3,1900,2005
827000,Residential property,270,7,3,1962,2011
829000,Duplex,213,4,3,1989,2016
835000,Villa,155.11,3,1,1957,2016
837000,Duplex,252,5,3,1928,2017
839000,Single dwelling,170.79,4,2,1990,2005
839000,Residential property,170.21,2,2,1997,2018
845000,Mid-terrace house,252,7,4,1967,2019
850000,Mid-terrace house,300,8,2,1928,1998
850000,Duplex,498,16,8,1920,1998
850000,Mid-terrace house,190,4,2,1976,2015
850000,Duplex,337,8,8,1955,2018
850000,Mid-terrace house,348.26,3,4,1968,2018
858000,Duplex,480,7,4,1749,2020
860000,Duplex,330,4,4,2000,2019
869000,Duplex,232.78,9,3,1961,2015
870000,Duplex,430,7,5,1967,2018
879000,Mid-terrace house,240,2,4,1982,2013
880000,Mid-terrace house,163,4,2,2012,2012
880000,Duplex,436,5,8,1946,2012
885000,Duplex,295,9,3,1856,2011
890000,Mid-terrace house,148,3,2,1939,1974
890000,Multiple dwelling,145,3,2,1955,2006
890000,Mid-terrace house,115,2,1,1939,2018
891000,Duplex,239,3,3,1971,2018
895000,Duplex,177,4,2,1967,1998
895000,Single dwelling,210,6,2,1958,2004
895000,Mid-terrace house,410.13,3,1,1991,2005
895000,Mid-terrace house,342,3,3,1978,2016
895000,Mid-terrace house,175,6,2,1949,2018
898000,Mid-terrace house,240,5,2,1928,1999
898000,Single dwelling,157,5,2,1974,2018
899000,Single dwelling,126,4,2,2018,2018
900000,Duplex,320,12,5,1905,2018
902000,Villa,284.55,5,4,1980,2017
910000,Mid-terrace house,150,3,3,1954,2000
920000,Mid-terrace house,251,3,2,1974,1991
925000,Duplex,335,8,4,1958,1999
929000,Duplex,240,5,5,1959,2016
930000,Duplex,321,8,3,1893,2019
935000,Mid-terrace house,172,5,2,1958,2002
935000,Duplex,408,12,5,1995,2010
935000,Mid-terrace house,227,6,1,1934,2014
940000,Duplex,400,8,2,1727,1988
949000,Mid-terrace house,216,4,2,1982,2018
950000,Duplex,967.01,3,2,1978,1982
950000,Mid-terrace house,200,4,3,1926,2010
950000,Mid-terrace house,160,3,3,2017,2018
950000,Mid-terrace house,160,3,3,2017,2018
950000,Residential property,108,3,1,1956,2018
950000,Mid-terrace house,84,2,1,1950,2018
950000,Single dwelling,140,4,1,1965,2019
955000,Special property,241.4,4,2,2012,2012
959000,Mid-terrace house,257,6,2,1912,2017
965000,Duplex,800,10,10,1980,1980
979000,Mid-terrace house,240,5,3,1900,2019
979000,Duplex,370,9,5,1970,2019
980000,Mid-terrace house,343,6,3,1900,2010
980000,Duplex,798.85,7,6,1994,2016
980000,Duplex,365,6,4,2017,2017
980000,Special property,115,2,2,1973,2017
980000,Bungalow,226,4,2,1986,2017
990000,Mid-terrace house,259,5,3,1978,2008
990000,Special property,170,3,2,1968,2018
990000,Mid-terrace house,300,2,2,1974,2019
990000,Duplex,798,21,13,2004,2019
995000,Mid-terrace house,130,3,2,1981,1998
995000,Villa,263,3,3,2011,2011
995000,Single dwelling,251,7,4,2001,2015
997000,Duplex,265.49,8,6,1965,2018
998000,Mid-terrace house,150,4,2,1961,2017
998000,Duplex,345,5,4,1993,2018
998447,Villa,312,3,4,1933,2008
999000,Duplex,200,4,3,1920,2003
999000,Duplex,284,8,3,1978,2013
999000,Villa,247,6,2,1914,2017
999000,Duplex,365.11,8,8,1911,2020
999000,Duplex,365.11,8,8,1911,2020
999700,Special property,400,5,3,1915,2016
1030000,Duplex,200,5,3,1985,1985
1050000,Mid-terrace house,199.5,4,2,1966,2014
1050000,Single dwelling,171,4,1,1992,2015
1050000,Bungalow,345,7,4,1959,2019
1050000,Duplex,345,7,4,1959,2019
1050000,Duplex,368,8,8,1951,2019
1080000,Duplex,351,6,4,1912,2019
1080000,Duplex,351,6,4,1912,2019
1090000,Mid-terrace house,260,6,4,1952,2006
1090000,Mid-terrace house,234,5,2,1967,2017
1095000,Mid-terrace house,307,4,3,1976,2010
1095000,Duplex,1490,44,24,1989,2018
1095000,Duplex,1490,61,24,1991,2018
1099000,Duplex,165.01,3,3,1978,2003
1099000,Mid-terrace house,169.5,4,2,2013,2013
1099900,Bungalow,362,4,4,1998,2008
1100000,Single dwelling,200,3,2,1953,2001
1100000,Duplex,456,11,6,1948,2005
1100000,Villa,450,5,4,1981,2012
1150000,Bungalow,288,4,2,1994,1994
1150000,Mid-terrace house,330,6,2,1895,1997
1150000,Mid-terrace house,330,6,2,1895,1997
1150000,Duplex,350,7,5,1959,2015
1150000,Mid-terrace house,201,7,3,1956,2018
1150000,Duplex,560,17,11,1955,2019
1175000,Duplex,400,5,5,1959,2013
1175000,Bungalow,338,4,2,1998,2018
1180000,Duplex,320,7,4,1974,2008
1180000,Single dwelling,156,4,2,1994,2014
1190000,Bungalow,260,6,4,2018,2018
1190000,Residential property,341,6,3,1978,2018
1199000,Duplex,204,2,3,1931,2016
1200000,Duplex,363.52,7,6,1923,2008
1200000,Duplex,2027.68,40,40,1970,2015
1200000,Villa,253,2,2,1993,2018
1200000,Duplex,170,3,3,1925,2018
1200000,Mid-terrace house,641,6,3,2001,2019
1225000,Villa,504,5,4,1980,2018
1245000,Mid-terrace house,250,4,3,2002,2013
1250000,Residential property,420,5,4,1966,2004
1250000,Corner house,300,8,2,2006,2007
1250000,Mid-terrace house,340,3,2,1986,2008
1250000,Duplex,675.54,8,9,1979,2018
1250000,Mid-terrace house,220,3,2,1990,2020
1270000,Single dwelling,250,4,3,2011,2019
1280000,Single dwelling,171,4,3,1958,2010
1285000,Single dwelling,115,4,1,2017,2017
1290000,Residential property,473,10,10,1870,2003
1290000,Mid-terrace house,270,5,2,1966,2007
1290000,Villa,377,10,4,1902,2015
1295000,Duplex,162,3,3,1965,2018
1300000,Duplex,325,7,4,1569,2011
1300000,Duplex,325,7,4,1569,2011
1300000,Duplex,680,9,9,1500,2014
1300000,Villa,265,3,3,1988,2014
1330000,Villa,279,5,2,1977,2019
1345000,Single dwelling,245.25,5,2,2003,2018
1348000,Villa,461,3,2,1992,2017
1350000,Duplex,713.23,13,13,1890,1993
1350000,Bungalow,160,1,1,1958,1994
1350000,Mid-terrace house,190,3,2,1960,2013
1350000,Bungalow,302.25,5,2,2003,2017
1380000,Single dwelling,125.81,3,2,1958,1999
1380000,Single dwelling,125.81,3,2,1958,1999
1380000,Mid-terrace house,190,3,2,2004,2004
1380000,Mid-terrace house,300,4,2,2004,2015
1390000,Duplex,267,8,3,1900,2008
1395000,Mid-terrace house,193,4,2,1959,2001
1400000,Mid-terrace house,348,2,2,1965,1990
1400000,Mid-terrace house,200,5,3,2005,2016
1400000,Mid-terrace house,170,3,2,1992,2016
1430000,Villa,322.91,4,2,2013,2016
1475000,Duplex,334,10,4,1946,2009
1480000,Villa,360,5,2,1990,2012
1490000,Villa,398,5,3,1977,2008
1490000,Villa,283,3,2,1902,2009
1490000,Single dwelling,160,4,2,2013,2013
1490000,Single dwelling,175,4,2,1991,2017
1490000,Farmhouse,160,3,2,1920,2017
1490000,Mid-terrace house,210,3,2,1932,2018
1495000,Mid-terrace house,220,3,2,1974,2013
1500000,Single dwelling,200,3,2,1953,2001
1500000,Duplex,533,3,4,1978,2010
1500000,Mid-terrace house,242,6,3,1999,2011
1500000,Special property,242,6,3,1999,2011
1520000,Special property,267,4,4,2009,2016
1550000,Villa,490,5,3,2001,2019
1590000,Mid-terrace house,250,6,1,1934,1956
1590000,Duplex,470,16,6,1970,2010
1595000,Duplex,213.13,7,3,1955,2017
1650000,Villa,300,5,2,1937,2000
1670000,Mid-terrace house,280,3,2,2009,2018
1700000,Mid-terrace house,330,4,4,1900,2009
1750000,Villa,540,4,4,2002,2014
1750000,Mid-terrace house,210,4,2,1939,2014
1750000,Bungalow,370,12,4,1937,2017
1775000,Mid-terrace house,280,5,2,2008,2008
1780000,Villa,334,3,3,1900,2007
1800000,Duplex,1050,15,12,1930,2005
1850000,Residential property,451,4,4,1999,2018
1850000,Residential property,585,21,21,1907,2019
1880000,Villa,377,10,4,1997,2012
1890000,Duplex,700,20,10,1946,2009
1890000,Mid-terrace house,400,8,4,1993,2016
1950000,Duplex,830,21,10,1950,2004
1950000,Mid-terrace house,274,4,4,1958,2015
2050000,Mid-terrace house,480,7,4,1872,2011
2100000,Bungalow,387,8,4,1900,2013
2150000,Duplex,476,12,7,1964,2016
2150000,Mid-terrace house,475,4,4,2000,2018
2190000,Bungalow,270,6,3,2003,2016
2190000,Bungalow,270,6,3,2003,2016
2200000,Villa,500,5,4,1940,2003
2200000,Mid-terrace house,395,5,5,2006,2018
2200000,Mid-terrace house,395,5,5,2006,2018
2200000,Villa,388,5,2,1989,2020
2295000,Mid-terrace house,184,5,2,1938,2000
2300000,Villa,340,4,3,2016,2019
2300000,Villa,262,5,3,1986,2020
2399000,Villa,370,5,4,2016,2017
2400000,Duplex,877.5,18,13,1960,2019
2490000,Villa,490,7,2,1891,2007
2590000,Villa,473,8,2,1910,2017
2600000,Duplex,400,6,4,1953,2001
2600000,Corner house,285,6,4,1966,2016
2650000,Mid-terrace house,200,6,2,1933,1994
2690000,Villa,356,5,3,1960,2018
2700000,Residential property,259.1,3,2,1900,2020
2870000,Villa,466,5,4,1966,2019
2890000,Mid-terrace house,282,3,3,2014,2018
2900000,Residential property,1000,7,6,1994,2007
2900000,Villa,450,5,4,1991,2015
3299000,Bungalow,650,6,2,1822,2016
3450000,Villa,670,3,4,2014,2019
3595000,Villa,527,5,5,2002,2014
3700000,Mid-terrace house,366,5,5,2014,2014
3700000,Duplex,220,3,2,2004,2022
3800000,Duplex,805,21,13,1961,2016
3970000,Villa,286,4,3,1971,2019
4900000,Villa,520,6,4,1890,2012
5850000,Mid-terrace house,287,5,3,1934,2012
5850000,Villa,385,6,4,1914,2020
6500000,Bungalow,588,8,5,1890,2018
10800000,Duplex,1200,25,44,1902,2000